[
    {
        "_id": "Family1_Member001",
        "name": "Jacob Lewis",
        "birth_date": "1985-12-13",
        "gender": "Non-binary",
        "milestones": [
            {
                "type": "Birthday",
                "date": "1985-12-13"
            },
            {
                "type": "Graduation",
                "date": "2007-02-12"
            },
            {
                "type": "Wedding Anniversary",
                "date": "2011-08-12"
            }
        ],
        "relationships": [
            {
                "type": "parent",
                "related_to": "Family1_Member003"
            },
            {
                "type": "sibling",
                "related_to": "Family1_Member015"
            },
            {
                "type": "spouse",
                "related_to": "Family1_Member014"
            },
            {
                "type": "spouse",
                "related_to": "Family1_Member009"
            }
        ],
        "interests": [
            "Blogging",
            "3D Printing",
            "Calligraphy"
        ],
        "occupation": "Scientist",
        "favorite_color": "Peach",
        "has_pet": false,
        "family_id": "Family1"
    },
    {
        "_id": "Family1_Member002",
        "name": "Noah Wright",
        "birth_date": "1971-09-13",
        "gender": "Male",
        "milestones": [
            {
                "type": "Birthday",
                "date": "1971-09-13"
            },
            {
                "type": "Graduation",
                "date": "1993-01-20"
            }
        ],
        "relationships": [
            {
                "type": "parent",
                "related_to": "Family1_Member015"
            },
            {
                "type": "sibling",
                "related_to": "Family1_Member010"
            },
            {
                "type": "spouse",
                "related_to": "Family1_Member001"
            },
            {
                "type": "spouse",
                "related_to": "Family1_Member009"
            },
            {
                "type": "spouse",
                "related_to": "Family1_Member009"
            },
            {
                "type": "spouse",
                "related_to": "Family1_Member004"
            }
        ],
        "interests": [
            "Yoga",
            "Mixology",
            "Running"
        ],
        "occupation": "Geologist",
        "favorite_color": "Silver",
        "has_pet": true,
        "family_id": "Family1"
    },
    {
        "_id": "Family1_Member003",
        "name": "Oliver Lewis",
        "birth_date": "2004-06-10",
        "gender": "Male",
        "milestones": [
            {
                "type": "Birthday",
                "date": "2004-06-10"
            }
        ],
        "relationships": [
            {
                "type": "child",
                "related_to": "Family1_Member014"
            },
            {
                "type": "parent",
                "related_to": "Family1_Member011"
            },
            {
                "type": "sibling",
                "related_to": "Family1_Member008"
            },
            {
                "type": "spouse",
                "related_to": "Family1_Member002"
            },
            {
                "type": "child",
                "related_to": "Family1_Member013"
            },
            {
                "type": "sibling",
                "related_to": "Family1_Member015"
            },
            {
                "type": "child",
                "related_to": "Family1_Member006"
            }
        ],
        "interests": [
            "Cycling",
            "Horse Riding",
            "Gaming"
        ],
        "occupation": "Athlete",
        "favorite_color": "Plum",
        "has_pet": false,
        "family_id": "Family1"
    },
    {
        "_id": "Family1_Member004",
        "name": "Harper Lewis",
        "birth_date": "1974-01-17",
        "gender": "Female",
        "milestones": [
            {
                "type": "Birthday",
                "date": "1974-01-17"
            },
            {
                "type": "Graduation",
                "date": "1996-02-09"
            },
            {
                "type": "Wedding Anniversary",
                "date": "2005-06-05"
            }
        ],
        "relationships": [
            {
                "type": "parent",
                "related_to": "Family1_Member011"
            },
            {
                "type": "sibling",
                "related_to": "Family1_Member011"
            },
            {
                "type": "spouse",
                "related_to": "Family1_Member002"
            },
            {
                "type": "spouse",
                "related_to": "Family1_Member012"
            },
            {
                "type": "spouse",
                "related_to": "Family1_Member014"
            },
            {
                "type": "spouse",
                "related_to": "Family1_Member014"
            },
            {
                "type": "spouse",
                "related_to": "Family1_Member006"
            }
        ],
        "interests": [
            "Skiing",
            "Cooking"
        ],
        "occupation": "Police Officer",
        "favorite_color": "Olive",
        "has_pet": true,
        "family_id": "Family1"
    },
    {
        "_id": "Family1_Member005",
        "name": "Zoe Lewis",
        "birth_date": "1984-08-08",
        "gender": "Non-binary",
        "milestones": [
            {
                "type": "Birthday",
                "date": "1984-08-08"
            },
            {
                "type": "Graduation",
                "date": "2006-09-09"
            }
        ],
        "relationships": [
            {
                "type": "parent",
                "related_to": "Family1_Member008"
            },
            {
                "type": "sibling",
                "related_to": "Family1_Member008"
            },
            {
                "type": "spouse",
                "related_to": "Family1_Member004"
            },
            {
                "type": "spouse",
                "related_to": "Family1_Member012"
            }
        ],
        "interests": [
            "Cooking",
            "Mixology",
            "Horse Riding"
        ],
        "occupation": "Teacher",
        "favorite_color": "Silver",
        "has_pet": true,
        "family_id": "Family1"
    },
    {
        "_id": "Family1_Member006",
        "name": "Luke Moore",
        "birth_date": "1978-01-19",
        "gender": "Non-binary",
        "milestones": [
            {
                "type": "Birthday",
                "date": "1978-01-19"
            },
            {
                "type": "Graduation",
                "date": "2000-10-21"
            }
        ],
        "relationships": [
            {
                "type": "parent",
                "related_to": "Family1_Member015"
            },
            {
                "type": "sibling",
                "related_to": "Family1_Member011"
            },
            {
                "type": "spouse",
                "related_to": "Family1_Member004"
            }
        ],
        "interests": [
            "Writing"
        ],
        "occupation": "Photographer",
        "favorite_color": "Olive",
        "has_pet": false,
        "family_id": "Family1"
    },
    {
        "_id": "Family1_Member007",
        "name": "Luna Lewis",
        "birth_date": "1951-03-03",
        "gender": "Male",
        "milestones": [
            {
                "type": "Birthday",
                "date": "1951-03-03"
            },
            {
                "type": "Graduation",
                "date": "1973-01-03"
            },
            {
                "type": "Wedding Anniversary",
                "date": "1984-07-24"
            }
        ],
        "relationships": [
            {
                "type": "spouse",
                "related_to": "Family1_Member004"
            },
            {
                "type": "parent",
                "related_to": "Family1_Member003"
            },
            {
                "type": "sibling",
                "related_to": "Family1_Member003"
            },
            {
                "type": "spouse",
                "related_to": "Family1_Member007"
            }
        ],
        "interests": [
            "Mixology",
            "Horse Riding"
        ],
        "occupation": "Accountant",
        "favorite_color": "Chocolate",
        "has_pet": true,
        "family_id": "Family1"
    },
    {
        "_id": "Family1_Member008",
        "name": "Nora Lewis",
        "birth_date": "1993-02-15",
        "gender": "Non-binary",
        "milestones": [
            {
                "type": "Birthday",
                "date": "1993-02-15"
            },
            {
                "type": "Graduation",
                "date": "2015-09-24"
            },
            {
                "type": "Wedding Anniversary",
                "date": "2028-01-02"
            }
        ],
        "relationships": [
            {
                "type": "sibling",
                "related_to": "Family1_Member003"
            },
            {
                "type": "child",
                "related_to": "Family1_Member004"
            },
            {
                "type": "sibling",
                "related_to": "Family1_Member003"
            },
            {
                "type": "child",
                "related_to": "Family1_Member014"
            },
            {
                "type": "parent",
                "related_to": "Family1_Member008"
            },
            {
                "type": "sibling",
                "related_to": "Family1_Member010"
            },
            {
                "type": "spouse",
                "related_to": "Family1_Member002"
            },
            {
                "type": "child",
                "related_to": "Family1_Member014"
            },
            {
                "type": "sibling",
                "related_to": "Family1_Member003"
            }
        ],
        "interests": [
            "Woodworking"
        ],
        "occupation": "Designer",
        "favorite_color": "Rust",
        "has_pet": true,
        "family_id": "Family1"
    },
    {
        "_id": "Family1_Member009",
        "name": "Scarlett Rivera",
        "birth_date": "1954-09-29",
        "gender": "Female",
        "milestones": [
            {
                "type": "Birthday",
                "date": "1954-09-29"
            },
            {
                "type": "Graduation",
                "date": "1976-12-28"
            },
            {
                "type": "Wedding Anniversary",
                "date": "1984-06-04"
            }
        ],
        "relationships": [
            {
                "type": "parent",
                "related_to": "Family1_Member008"
            },
            {
                "type": "sibling",
                "related_to": "Family1_Member015"
            },
            {
                "type": "spouse",
                "related_to": "Family1_Member012"
            },
            {
                "type": "spouse",
                "related_to": "Family1_Member002"
            },
            {
                "type": "spouse",
                "related_to": "Family1_Member002"
            }
        ],
        "interests": [
            "Playing Piano"
        ],
        "occupation": "Farmer",
        "favorite_color": "Rust",
        "has_pet": false,
        "family_id": "Family1"
    },
    {
        "_id": "Family1_Member010",
        "name": "Charlotte Adams",
        "birth_date": "2000-03-15",
        "gender": "Female",
        "milestones": [
            {
                "type": "Birthday",
                "date": "2000-03-15"
            },
            {
                "type": "Graduation",
                "date": "2022-06-13"
            }
        ],
        "relationships": [
            {
                "type": "sibling",
                "related_to": "Family1_Member011"
            },
            {
                "type": "sibling",
                "related_to": "Family1_Member008"
            },
            {
                "type": "child",
                "related_to": "Family1_Member001"
            },
            {
                "type": "parent",
                "related_to": "Family1_Member010"
            },
            {
                "type": "sibling",
                "related_to": "Family1_Member015"
            },
            {
                "type": "spouse",
                "related_to": "Family1_Member004"
            },
            {
                "type": "sibling",
                "related_to": "Family1_Member015"
            },
            {
                "type": "sibling",
                "related_to": "Family1_Member003"
            },
            {
                "type": "child",
                "related_to": "Family1_Member007"
            }
        ],
        "interests": [
            "Knitting",
            "Hiking"
        ],
        "occupation": "Geologist",
        "favorite_color": "Gold",
        "has_pet": true,
        "family_id": "Family1"
    },
    {
        "_id": "Family1_Member011",
        "name": "Sofia Lewis",
        "birth_date": "2006-12-23",
        "gender": "Non-binary",
        "milestones": [
            {
                "type": "Birthday",
                "date": "2006-12-23"
            }
        ],
        "relationships": [
            {
                "type": "child",
                "related_to": "Family1_Member012"
            },
            {
                "type": "child",
                "related_to": "Family1_Member012"
            },
            {
                "type": "sibling",
                "related_to": "Family1_Member015"
            },
            {
                "type": "sibling",
                "related_to": "Family1_Member003"
            },
            {
                "type": "parent",
                "related_to": "Family1_Member003"
            },
            {
                "type": "sibling",
                "related_to": "Family1_Member010"
            },
            {
                "type": "spouse",
                "related_to": "Family1_Member009"
            },
            {
                "type": "child",
                "related_to": "Family1_Member013"
            }
        ],
        "interests": [
            "Pottery",
            "Astronomy",
            "Podcasting"
        ],
        "occupation": "Engineer",
        "favorite_color": "Gray",
        "has_pet": false,
        "family_id": "Family1"
    },
    {
        "_id": "Family1_Member012",
        "name": "Emma Lewis",
        "birth_date": "1980-09-11",
        "gender": "Non-binary",
        "milestones": [
            {
                "type": "Birthday",
                "date": "1980-09-11"
            },
            {
                "type": "Graduation",
                "date": "2002-08-25"
            }
        ],
        "relationships": [
            {
                "type": "spouse",
                "related_to": "Family1_Member009"
            },
            {
                "type": "parent",
                "related_to": "Family1_Member011"
            },
            {
                "type": "sibling",
                "related_to": "Family1_Member010"
            },
            {
                "type": "spouse",
                "related_to": "Family1_Member004"
            }
        ],
        "interests": [
            "Blogging",
            "Fishing"
        ],
        "occupation": "Musician",
        "favorite_color": "Crimson",
        "has_pet": false,
        "family_id": "Family1"
    },
    {
        "_id": "Family1_Member013",
        "name": "Mary Lewis",
        "birth_date": "1972-07-14",
        "gender": "Male",
        "milestones": [
            {
                "type": "Birthday",
                "date": "1972-07-14"
            },
            {
                "type": "Graduation",
                "date": "1994-05-03"
            },
            {
                "type": "Wedding Anniversary",
                "date": "1997-04-14"
            }
        ],
        "relationships": [
            {
                "type": "parent",
                "related_to": "Family1_Member010"
            },
            {
                "type": "sibling",
                "related_to": "Family1_Member015"
            },
            {
                "type": "spouse",
                "related_to": "Family1_Member009"
            }
        ],
        "interests": [
            "Scrapbooking"
        ],
        "occupation": "Real Estate Agent",
        "favorite_color": "Black",
        "has_pet": false,
        "family_id": "Family1"
    },
    {
        "_id": "Family1_Member014",
        "name": "Anna Rogers",
        "birth_date": "1984-11-14",
        "gender": "Non-binary",
        "milestones": [
            {
                "type": "Birthday",
                "date": "1984-11-14"
            },
            {
                "type": "Graduation",
                "date": "2006-04-21"
            },
            {
                "type": "Wedding Anniversary",
                "date": "2018-10-03"
            }
        ],
        "relationships": [
            {
                "type": "spouse",
                "related_to": "Family1_Member012"
            },
            {
                "type": "spouse",
                "related_to": "Family1_Member012"
            },
            {
                "type": "parent",
                "related_to": "Family1_Member015"
            },
            {
                "type": "sibling",
                "related_to": "Family1_Member015"
            },
            {
                "type": "spouse",
                "related_to": "Family1_Member014"
            }
        ],
        "interests": [
            "Playing Guitar"
        ],
        "occupation": "Software Developer",
        "favorite_color": "Lime",
        "has_pet": false,
        "family_id": "Family1"
    },
    {
        "_id": "Family1_Member015",
        "name": "Oliver Lewis",
        "birth_date": "1998-03-24",
        "gender": "Non-binary",
        "milestones": [
            {
                "type": "Birthday",
                "date": "1998-03-24"
            },
            {
                "type": "Graduation",
                "date": "2020-09-16"
            }
        ],
        "relationships": [
            {
                "type": "sibling",
                "related_to": "Family1_Member003"
            },
            {
                "type": "child",
                "related_to": "Family1_Member004"
            },
            {
                "type": "child",
                "related_to": "Family1_Member012"
            },
            {
                "type": "sibling",
                "related_to": "Family1_Member010"
            },
            {
                "type": "sibling",
                "related_to": "Family1_Member011"
            },
            {
                "type": "sibling",
                "related_to": "Family1_Member011"
            },
            {
                "type": "child",
                "related_to": "Family1_Member014"
            },
            {
                "type": "sibling",
                "related_to": "Family1_Member010"
            },
            {
                "type": "child",
                "related_to": "Family1_Member005"
            },
            {
                "type": "parent",
                "related_to": "Family1_Member015"
            },
            {
                "type": "sibling",
                "related_to": "Family1_Member008"
            },
            {
                "type": "spouse",
                "related_to": "Family1_Member005"
            }
        ],
        "interests": [
            "Home Brewing",
            "Pets"
        ],
        "occupation": "Graphic Designer",
        "favorite_color": "Peach",
        "has_pet": false,
        "family_id": "Family1"
    },
    {
        "_id": "Family2_Member001",
        "name": "Jack Moore",
        "birth_date": "1978-07-18",
        "gender": "Female",
        "milestones": [
            {
                "type": "Birthday",
                "date": "1978-07-18"
            },
            {
                "type": "Graduation",
                "date": "2000-05-31"
            }
        ],
        "relationships": [
            {
                "type": "parent",
                "related_to": "Family2_Member005"
            },
            {
                "type": "sibling",
                "related_to": "Family2_Member005"
            },
            {
                "type": "spouse",
                "related_to": "Family2_Member015"
            },
            {
                "type": "spouse",
                "related_to": "Family2_Member011"
            }
        ],
        "interests": [
            "Origami",
            "Rock Climbing"
        ],
        "occupation": "Engineer",
        "favorite_color": "Violet",
        "has_pet": false,
        "family_id": "Family2"
    },
    {
        "_id": "Family2_Member002",
        "name": "Benjamin Moore",
        "birth_date": "1969-08-06",
        "gender": "Female",
        "milestones": [
            {
                "type": "Birthday",
                "date": "1969-08-06"
            },
            {
                "type": "Graduation",
                "date": "1991-12-17"
            },
            {
                "type": "Wedding Anniversary",
                "date": "1999-04-22"
            }
        ],
        "relationships": [
            {
                "type": "parent",
                "related_to": "Family2_Member008"
            },
            {
                "type": "sibling",
                "related_to": "Family2_Member007"
            },
            {
                "type": "spouse",
                "related_to": "Family2_Member013"
            },
            {
                "type": "spouse",
                "related_to": "Family2_Member015"
            }
        ],
        "interests": [
            "Swimming"
        ],
        "occupation": "Psychologist",
        "favorite_color": "Aquamarine",
        "has_pet": false,
        "family_id": "Family2"
    },
    {
        "_id": "Family2_Member003",
        "name": "Liam Moore",
        "birth_date": "1972-04-08",
        "gender": "Male",
        "milestones": [
            {
                "type": "Birthday",
                "date": "1972-04-08"
            },
            {
                "type": "Graduation",
                "date": "1994-05-09"
            }
        ],
        "relationships": [
            {
                "type": "parent",
                "related_to": "Family2_Member008"
            },
            {
                "type": "sibling",
                "related_to": "Family2_Member007"
            },
            {
                "type": "spouse",
                "related_to": "Family2_Member004"
            }
        ],
        "interests": [
            "Scrapbooking",
            "Painting",
            "Traveling"
        ],
        "occupation": "Biologist",
        "favorite_color": "Amber",
        "has_pet": true,
        "family_id": "Family2"
    },
    {
        "_id": "Family2_Member004",
        "name": "Scarlett Moore",
        "birth_date": "1971-02-14",
        "gender": "Non-binary",
        "milestones": [
            {
                "type": "Birthday",
                "date": "1971-02-14"
            },
            {
                "type": "Graduation",
                "date": "1993-09-10"
            },
            {
                "type": "Wedding Anniversary",
                "date": "1999-08-26"
            }
        ],
        "relationships": [
            {
                "type": "spouse",
                "related_to": "Family2_Member003"
            },
            {
                "type": "parent",
                "related_to": "Family2_Member005"
            },
            {
                "type": "sibling",
                "related_to": "Family2_Member008"
            },
            {
                "type": "spouse",
                "related_to": "Family2_Member001"
            },
            {
                "type": "spouse",
                "related_to": "Family2_Member010"
            },
            {
                "type": "spouse",
                "related_to": "Family2_Member006"
            }
        ],
        "interests": [
            "Origami",
            "Robotics",
            "Singing"
        ],
        "occupation": "Police Officer",
        "favorite_color": "White",
        "has_pet": true,
        "family_id": "Family2"
    },
    {
        "_id": "Family2_Member005",
        "name": "Evelyn Moore",
        "birth_date": "1997-09-08",
        "gender": "Non-binary",
        "milestones": [
            {
                "type": "Birthday",
                "date": "1997-09-08"
            },
            {
                "type": "Graduation",
                "date": "2019-09-14"
            }
        ],
        "relationships": [
            {
                "type": "child",
                "related_to": "Family2_Member009"
            },
            {
                "type": "sibling",
                "related_to": "Family2_Member007"
            },
            {
                "type": "child",
                "related_to": "Family2_Member010"
            },
            {
                "type": "parent",
                "related_to": "Family2_Member007"
            },
            {
                "type": "sibling",
                "related_to": "Family2_Member008"
            },
            {
                "type": "spouse",
                "related_to": "Family2_Member014"
            },
            {
                "type": "sibling",
                "related_to": "Family2_Member008"
            },
            {
                "type": "child",
                "related_to": "Family2_Member001"
            },
            {
                "type": "child",
                "related_to": "Family2_Member006"
            },
            {
                "type": "sibling",
                "related_to": "Family2_Member008"
            },
            {
                "type": "child",
                "related_to": "Family2_Member010"
            },
            {
                "type": "sibling",
                "related_to": "Family2_Member007"
            }
        ],
        "interests": [
            "Bird Watching"
        ],
        "occupation": "Dentist",
        "favorite_color": "Orange",
        "has_pet": false,
        "family_id": "Family2"
    },
    {
        "_id": "Family2_Member006",
        "name": "Daniel Moore",
        "birth_date": "1963-03-21",
        "gender": "Female",
        "milestones": [
            {
                "type": "Birthday",
                "date": "1963-03-21"
            },
            {
                "type": "Graduation",
                "date": "1985-07-30"
            }
        ],
        "relationships": [
            {
                "type": "parent",
                "related_to": "Family2_Member008"
            },
            {
                "type": "sibling",
                "related_to": "Family2_Member007"
            },
            {
                "type": "spouse",
                "related_to": "Family2_Member015"
            },
            {
                "type": "spouse",
                "related_to": "Family2_Member013"
            },
            {
                "type": "spouse",
                "related_to": "Family2_Member013"
            }
        ],
        "interests": [
            "Photography",
            "Meditation",
            "Cycling"
        ],
        "occupation": "Plumber",
        "favorite_color": "Black",
        "has_pet": false,
        "family_id": "Family2"
    },
    {
        "_id": "Family2_Member007",
        "name": "Charlotte Moore",
        "birth_date": "1999-10-10",
        "gender": "Male",
        "milestones": [
            {
                "type": "Birthday",
                "date": "1999-10-10"
            },
            {
                "type": "Graduation",
                "date": "2021-08-24"
            }
        ],
        "relationships": [
            {
                "type": "sibling",
                "related_to": "Family2_Member008"
            },
            {
                "type": "sibling",
                "related_to": "Family2_Member008"
            },
            {
                "type": "child",
                "related_to": "Family2_Member011"
            },
            {
                "type": "sibling",
                "related_to": "Family2_Member005"
            },
            {
                "type": "sibling",
                "related_to": "Family2_Member008"
            },
            {
                "type": "parent",
                "related_to": "Family2_Member008"
            },
            {
                "type": "sibling",
                "related_to": "Family2_Member007"
            },
            {
                "type": "spouse",
                "related_to": "Family2_Member010"
            },
            {
                "type": "child",
                "related_to": "Family2_Member010"
            },
            {
                "type": "sibling",
                "related_to": "Family2_Member005"
            },
            {
                "type": "sibling",
                "related_to": "Family2_Member005"
            },
            {
                "type": "sibling",
                "related_to": "Family2_Member008"
            },
            {
                "type": "child",
                "related_to": "Family2_Member002"
            }
        ],
        "interests": [
            "Woodworking",
            "Podcasting",
            "Calligraphy"
        ],
        "occupation": "Pharmacist",
        "favorite_color": "Lavender",
        "has_pet": false,
        "family_id": "Family2"
    },
    {
        "_id": "Family2_Member008",
        "name": "Oliver Moore",
        "birth_date": "2006-04-05",
        "gender": "Female",
        "milestones": [
            {
                "type": "Birthday",
                "date": "2006-04-05"
            }
        ],
        "relationships": [
            {
                "type": "child",
                "related_to": "Family2_Member006"
            },
            {
                "type": "child",
                "related_to": "Family2_Member003"
            },
            {
                "type": "sibling",
                "related_to": "Family2_Member007"
            },
            {
                "type": "sibling",
                "related_to": "Family2_Member007"
            },
            {
                "type": "child",
                "related_to": "Family2_Member014"
            },
            {
                "type": "child",
                "related_to": "Family2_Member002"
            },
            {
                "type": "parent",
                "related_to": "Family2_Member007"
            },
            {
                "type": "sibling",
                "related_to": "Family2_Member007"
            },
            {
                "type": "spouse",
                "related_to": "Family2_Member004"
            },
            {
                "type": "child",
                "related_to": "Family2_Member014"
            },
            {
                "type": "child",
                "related_to": "Family2_Member015"
            },
            {
                "type": "sibling",
                "related_to": "Family2_Member007"
            },
            {
                "type": "child",
                "related_to": "Family2_Member014"
            },
            {
                "type": "sibling",
                "related_to": "Family2_Member007"
            }
        ],
        "interests": [
            "Gardening",
            "Camping",
            "Surfing"
        ],
        "occupation": "Farmer",
        "favorite_color": "Peach",
        "has_pet": false,
        "family_id": "Family2"
    },
    {
        "_id": "Family2_Member009",
        "name": "Anna Moore",
        "birth_date": "1959-07-11",
        "gender": "Male",
        "milestones": [
            {
                "type": "Birthday",
                "date": "1959-07-11"
            },
            {
                "type": "Graduation",
                "date": "1981-11-16"
            }
        ],
        "relationships": [
            {
                "type": "parent",
                "related_to": "Family2_Member008"
            },
            {
                "type": "sibling",
                "related_to": "Family2_Member007"
            },
            {
                "type": "spouse",
                "related_to": "Family2_Member012"
            }
        ],
        "interests": [
            "Collecting Stamps"
        ],
        "occupation": "Pharmacist",
        "favorite_color": "Gold",
        "has_pet": false,
        "family_id": "Family2"
    },
    {
        "_id": "Family2_Member010",
        "name": "Hazel Phillips",
        "birth_date": "1974-03-27",
        "gender": "Non-binary",
        "milestones": [
            {
                "type": "Birthday",
                "date": "1974-03-27"
            },
            {
                "type": "Graduation",
                "date": "1996-04-25"
            },
            {
                "type": "Wedding Anniversary",
                "date": "2000-01-12"
            }
        ],
        "relationships": [
            {
                "type": "spouse",
                "related_to": "Family2_Member011"
            },
            {
                "type": "parent",
                "related_to": "Family2_Member008"
            },
            {
                "type": "sibling",
                "related_to": "Family2_Member005"
            },
            {
                "type": "spouse",
                "related_to": "Family2_Member004"
            }
        ],
        "interests": [
            "Home Brewing"
        ],
        "occupation": "Social Media Manager",
        "favorite_color": "Silver",
        "has_pet": true,
        "family_id": "Family2"
    },
    {
        "_id": "Family2_Member011",
        "name": "Zoe Moore",
        "birth_date": "1979-08-24",
        "gender": "Male",
        "milestones": [
            {
                "type": "Birthday",
                "date": "1979-08-24"
            },
            {
                "type": "Graduation",
                "date": "2001-03-17"
            }
        ],
        "relationships": [
            {
                "type": "parent",
                "related_to": "Family2_Member005"
            },
            {
                "type": "sibling",
                "related_to": "Family2_Member008"
            },
            {
                "type": "spouse",
                "related_to": "Family2_Member013"
            }
        ],
        "interests": [
            "Volunteering",
            "Photography",
            "Reading"
        ],
        "occupation": "Electrician",
        "favorite_color": "Navy",
        "has_pet": false,
        "family_id": "Family2"
    },
    {
        "_id": "Family2_Member012",
        "name": "Matthew Brown",
        "birth_date": "1988-12-03",
        "gender": "Female",
        "milestones": [
            {
                "type": "Birthday",
                "date": "1988-12-03"
            },
            {
                "type": "Graduation",
                "date": "2010-09-20"
            }
        ],
        "relationships": [
            {
                "type": "spouse",
                "related_to": "Family2_Member009"
            },
            {
                "type": "parent",
                "related_to": "Family2_Member005"
            },
            {
                "type": "sibling",
                "related_to": "Family2_Member007"
            },
            {
                "type": "spouse",
                "related_to": "Family2_Member013"
            }
        ],
        "interests": [
            "3D Printing",
            "Gaming"
        ],
        "occupation": "Data Analyst",
        "favorite_color": "Plum",
        "has_pet": false,
        "family_id": "Family2"
    },
    {
        "_id": "Family2_Member013",
        "name": "Daniel Moore",
        "birth_date": "1962-10-15",
        "gender": "Male",
        "milestones": [
            {
                "type": "Birthday",
                "date": "1962-10-15"
            },
            {
                "type": "Graduation",
                "date": "1984-02-08"
            }
        ],
        "relationships": [
            {
                "type": "spouse",
                "related_to": "Family2_Member012"
            },
            {
                "type": "spouse",
                "related_to": "Family2_Member010"
            },
            {
                "type": "spouse",
                "related_to": "Family2_Member004"
            },
            {
                "type": "parent",
                "related_to": "Family2_Member007"
            },
            {
                "type": "sibling",
                "related_to": "Family2_Member005"
            },
            {
                "type": "spouse",
                "related_to": "Family2_Member002"
            }
        ],
        "interests": [
            "Robotics",
            "Fishing"
        ],
        "occupation": "Data Analyst",
        "favorite_color": "Purple",
        "has_pet": false,
        "family_id": "Family2"
    },
    {
        "_id": "Family2_Member014",
        "name": "Amelia Young",
        "birth_date": "1970-06-17",
        "gender": "Non-binary",
        "milestones": [
            {
                "type": "Birthday",
                "date": "1970-06-17"
            },
            {
                "type": "Graduation",
                "date": "1992-07-28"
            },
            {
                "type": "Wedding Anniversary",
                "date": "1995-11-03"
            }
        ],
        "relationships": [
            {
                "type": "spouse",
                "related_to": "Family2_Member009"
            },
            {
                "type": "parent",
                "related_to": "Family2_Member005"
            },
            {
                "type": "sibling",
                "related_to": "Family2_Member005"
            },
            {
                "type": "spouse",
                "related_to": "Family2_Member006"
            }
        ],
        "interests": [
            "Rock Climbing",
            "Hiking",
            "Photography"
        ],
        "occupation": "Real Estate Agent",
        "favorite_color": "Olive",
        "has_pet": false,
        "family_id": "Family2"
    },
    {
        "_id": "Family2_Member015",
        "name": "Hannah Moore",
        "birth_date": "1978-01-09",
        "gender": "Female",
        "milestones": [
            {
                "type": "Birthday",
                "date": "1978-01-09"
            },
            {
                "type": "Graduation",
                "date": "2000-05-15"
            },
            {
                "type": "Wedding Anniversary",
                "date": "2010-11-11"
            }
        ],
        "relationships": [
            {
                "type": "spouse",
                "related_to": "Family2_Member011"
            },
            {
                "type": "spouse",
                "related_to": "Family2_Member001"
            },
            {
                "type": "parent",
                "related_to": "Family2_Member008"
            },
            {
                "type": "sibling",
                "related_to": "Family2_Member008"
            },
            {
                "type": "spouse",
                "related_to": "Family2_Member006"
            }
        ],
        "interests": [
            "Astronomy"
        ],
        "occupation": "Geologist",
        "favorite_color": "White",
        "has_pet": false,
        "family_id": "Family2"
    },
    {
        "_id": "Family3_Member001",
        "name": "Oliver Perez",
        "birth_date": "1995-08-13",
        "gender": "Male",
        "milestones": [
            {
                "type": "Birthday",
                "date": "1995-08-13"
            },
            {
                "type": "Graduation",
                "date": "2017-06-11"
            },
            {
                "type": "Wedding Anniversary",
                "date": "2027-10-11"
            }
        ],
        "relationships": [
            {
                "type": "parent",
                "related_to": "Family3_Member012"
            },
            {
                "type": "sibling",
                "related_to": "Family3_Member007"
            },
            {
                "type": "spouse",
                "related_to": "Family3_Member010"
            },
            {
                "type": "sibling",
                "related_to": "Family3_Member015"
            },
            {
                "type": "sibling",
                "related_to": "Family3_Member008"
            }
        ],
        "interests": [
            "Chess"
        ],
        "occupation": "Accountant",
        "favorite_color": "Chocolate",
        "has_pet": false,
        "family_id": "Family3"
    },
    {
        "_id": "Family3_Member002",
        "name": "Isabella Morgan",
        "birth_date": "1993-09-03",
        "gender": "Male",
        "milestones": [
            {
                "type": "Birthday",
                "date": "1993-09-03"
            },
            {
                "type": "Graduation",
                "date": "2015-09-14"
            },
            {
                "type": "Wedding Anniversary",
                "date": "2023-11-12"
            }
        ],
        "relationships": [
            {
                "type": "child",
                "related_to": "Family3_Member010"
            },
            {
                "type": "parent",
                "related_to": "Family3_Member002"
            },
            {
                "type": "sibling",
                "related_to": "Family3_Member008"
            },
            {
                "type": "spouse",
                "related_to": "Family3_Member009"
            },
            {
                "type": "child",
                "related_to": "Family3_Member009"
            },
            {
                "type": "child",
                "related_to": "Family3_Member003"
            }
        ],
        "interests": [
            "Photography"
        ],
        "occupation": "Musician",
        "favorite_color": "Olive",
        "has_pet": false,
        "family_id": "Family3"
    },
    {
        "_id": "Family3_Member003",
        "name": "Isabella King",
        "birth_date": "1982-11-22",
        "gender": "Male",
        "milestones": [
            {
                "type": "Birthday",
                "date": "1982-11-22"
            },
            {
                "type": "Graduation",
                "date": "2004-10-31"
            },
            {
                "type": "Wedding Anniversary",
                "date": "2010-10-09"
            }
        ],
        "relationships": [
            {
                "type": "parent",
                "related_to": "Family3_Member012"
            },
            {
                "type": "sibling",
                "related_to": "Family3_Member007"
            },
            {
                "type": "spouse",
                "related_to": "Family3_Member009"
            },
            {
                "type": "spouse",
                "related_to": "Family3_Member010"
            },
            {
                "type": "spouse",
                "related_to": "Family3_Member004"
            },
            {
                "type": "spouse",
                "related_to": "Family3_Member013"
            }
        ],
        "interests": [
            "Cooking"
        ],
        "occupation": "Designer",
        "favorite_color": "Mint",
        "has_pet": false,
        "family_id": "Family3"
    },
    {
        "_id": "Family3_Member004",
        "name": "Lucas King",
        "birth_date": "1970-09-23",
        "gender": "Female",
        "milestones": [
            {
                "type": "Birthday",
                "date": "1970-09-23"
            },
            {
                "type": "Graduation",
                "date": "1992-08-31"
            }
        ],
        "relationships": [
            {
                "type": "parent",
                "related_to": "Family3_Member007"
            },
            {
                "type": "sibling",
                "related_to": "Family3_Member001"
            },
            {
                "type": "spouse",
                "related_to": "Family3_Member006"
            },
            {
                "type": "spouse",
                "related_to": "Family3_Member009"
            }
        ],
        "interests": [
            "Traveling",
            "Writing"
        ],
        "occupation": "Librarian",
        "favorite_color": "Magenta",
        "has_pet": false,
        "family_id": "Family3"
    },
    {
        "_id": "Family3_Member005",
        "name": "John Rivera",
        "birth_date": "1973-03-14",
        "gender": "Female",
        "milestones": [
            {
                "type": "Birthday",
                "date": "1973-03-14"
            },
            {
                "type": "Graduation",
                "date": "1995-01-26"
            },
            {
                "type": "Wedding Anniversary",
                "date": "2005-08-19"
            }
        ],
        "relationships": [
            {
                "type": "spouse",
                "related_to": "Family3_Member006"
            },
            {
                "type": "parent",
                "related_to": "Family3_Member012"
            },
            {
                "type": "sibling",
                "related_to": "Family3_Member001"
            },
            {
                "type": "spouse",
                "related_to": "Family3_Member005"
            },
            {
                "type": "spouse",
                "related_to": "Family3_Member013"
            },
            {
                "type": "spouse",
                "related_to": "Family3_Member013"
            },
            {
                "type": "spouse",
                "related_to": "Family3_Member009"
            },
            {
                "type": "spouse",
                "related_to": "Family3_Member013"
            }
        ],
        "interests": [
            "Origami"
        ],
        "occupation": "Musician",
        "favorite_color": "Silver",
        "has_pet": false,
        "family_id": "Family3"
    },
    {
        "_id": "Family3_Member006",
        "name": "James King",
        "birth_date": "1956-09-17",
        "gender": "Male",
        "milestones": [
            {
                "type": "Birthday",
                "date": "1956-09-17"
            },
            {
                "type": "Graduation",
                "date": "1978-03-31"
            }
        ],
        "relationships": [
            {
                "type": "spouse",
                "related_to": "Family3_Member005"
            },
            {
                "type": "parent",
                "related_to": "Family3_Member002"
            },
            {
                "type": "sibling",
                "related_to": "Family3_Member011"
            },
            {
                "type": "spouse",
                "related_to": "Family3_Member005"
            }
        ],
        "interests": [
            "Knitting",
            "Singing",
            "Woodworking"
        ],
        "occupation": "Firefighter",
        "favorite_color": "Maroon",
        "has_pet": false,
        "family_id": "Family3"
    },
    {
        "_id": "Family3_Member007",
        "name": "Andrew Wright",
        "birth_date": "1997-10-29",
        "gender": "Non-binary",
        "milestones": [
            {
                "type": "Birthday",
                "date": "1997-10-29"
            },
            {
                "type": "Graduation",
                "date": "2019-02-16"
            }
        ],
        "relationships": [
            {
                "type": "sibling",
                "related_to": "Family3_Member011"
            },
            {
                "type": "sibling",
                "related_to": "Family3_Member014"
            },
            {
                "type": "child",
                "related_to": "Family3_Member010"
            },
            {
                "type": "parent",
                "related_to": "Family3_Member011"
            },
            {
                "type": "sibling",
                "related_to": "Family3_Member015"
            },
            {
                "type": "spouse",
                "related_to": "Family3_Member003"
            },
            {
                "type": "sibling",
                "related_to": "Family3_Member014"
            },
            {
                "type": "sibling",
                "related_to": "Family3_Member011"
            },
            {
                "type": "child",
                "related_to": "Family3_Member009"
            },
            {
                "type": "sibling",
                "related_to": "Family3_Member014"
            }
        ],
        "interests": [
            "Camping",
            "Fishing"
        ],
        "occupation": "Lawyer",
        "favorite_color": "Teal",
        "has_pet": true,
        "family_id": "Family3"
    },
    {
        "_id": "Family3_Member008",
        "name": "Michael King",
        "birth_date": "1991-07-11",
        "gender": "Male",
        "milestones": [
            {
                "type": "Birthday",
                "date": "1991-07-11"
            },
            {
                "type": "Graduation",
                "date": "2013-07-25"
            }
        ],
        "relationships": [
            {
                "type": "sibling",
                "related_to": "Family3_Member012"
            },
            {
                "type": "parent",
                "related_to": "Family3_Member015"
            },
            {
                "type": "sibling",
                "related_to": "Family3_Member015"
            },
            {
                "type": "spouse",
                "related_to": "Family3_Member003"
            },
            {
                "type": "child",
                "related_to": "Family3_Member013"
            },
            {
                "type": "sibling",
                "related_to": "Family3_Member014"
            }
        ],
        "interests": [
            "Magic Tricks",
            "Bird Watching"
        ],
        "occupation": "Doctor",
        "favorite_color": "Plum",
        "has_pet": false,
        "family_id": "Family3"
    },
    {
        "_id": "Family3_Member009",
        "name": "Michael King",
        "birth_date": "1965-07-09",
        "gender": "Male",
        "milestones": [
            {
                "type": "Birthday",
                "date": "1965-07-09"
            },
            {
                "type": "Graduation",
                "date": "1987-05-19"
            }
        ],
        "relationships": [
            {
                "type": "spouse",
                "related_to": "Family3_Member010"
            },
            {
                "type": "spouse",
                "related_to": "Family3_Member005"
            },
            {
                "type": "parent",
                "related_to": "Family3_Member014"
            },
            {
                "type": "sibling",
                "related_to": "Family3_Member007"
            },
            {
                "type": "spouse",
                "related_to": "Family3_Member005"
            },
            {
                "type": "spouse",
                "related_to": "Family3_Member005"
            }
        ],
        "interests": [
            "Dancing",
            "Playing Guitar",
            "3D Printing"
        ],
        "occupation": "Chef",
        "favorite_color": "Aquamarine",
        "has_pet": false,
        "family_id": "Family3"
    },
    {
        "_id": "Family3_Member010",
        "name": "William King",
        "birth_date": "1959-04-17",
        "gender": "Non-binary",
        "milestones": [
            {
                "type": "Birthday",
                "date": "1959-04-17"
            },
            {
                "type": "Graduation",
                "date": "1981-12-08"
            }
        ],
        "relationships": [
            {
                "type": "spouse",
                "related_to": "Family3_Member013"
            },
            {
                "type": "parent",
                "related_to": "Family3_Member008"
            },
            {
                "type": "sibling",
                "related_to": "Family3_Member008"
            },
            {
                "type": "spouse",
                "related_to": "Family3_Member004"
            }
        ],
        "interests": [
            "Meditation"
        ],
        "occupation": "Pharmacist",
        "favorite_color": "Peach",
        "has_pet": false,
        "family_id": "Family3"
    },
    {
        "_id": "Family3_Member011",
        "name": "Benjamin Perez",
        "birth_date": "2007-03-05",
        "gender": "Non-binary",
        "milestones": [
            {
                "type": "Birthday",
                "date": "2007-03-05"
            }
        ],
        "relationships": [
            {
                "type": "sibling",
                "related_to": "Family3_Member007"
            },
            {
                "type": "child",
                "related_to": "Family3_Member010"
            },
            {
                "type": "parent",
                "related_to": "Family3_Member014"
            },
            {
                "type": "sibling",
                "related_to": "Family3_Member015"
            },
            {
                "type": "spouse",
                "related_to": "Family3_Member013"
            },
            {
                "type": "sibling",
                "related_to": "Family3_Member012"
            }
        ],
        "interests": [
            "Pets",
            "Cycling"
        ],
        "occupation": "Software Developer",
        "favorite_color": "Fuchsia",
        "has_pet": false,
        "family_id": "Family3"
    },
    {
        "_id": "Family3_Member012",
        "name": "Emily Harris",
        "birth_date": "1990-06-28",
        "gender": "Female",
        "milestones": [
            {
                "type": "Birthday",
                "date": "1990-06-28"
            },
            {
                "type": "Graduation",
                "date": "2012-09-10"
            }
        ],
        "relationships": [
            {
                "type": "child",
                "related_to": "Family3_Member006"
            },
            {
                "type": "child",
                "related_to": "Family3_Member010"
            },
            {
                "type": "child",
                "related_to": "Family3_Member013"
            },
            {
                "type": "child",
                "related_to": "Family3_Member010"
            },
            {
                "type": "parent",
                "related_to": "Family3_Member012"
            },
            {
                "type": "sibling",
                "related_to": "Family3_Member007"
            },
            {
                "type": "spouse",
                "related_to": "Family3_Member005"
            },
            {
                "type": "sibling",
                "related_to": "Family3_Member011"
            }
        ],
        "interests": [
            "Pottery",
            "Surfing"
        ],
        "occupation": "Doctor",
        "favorite_color": "Blue",
        "has_pet": false,
        "family_id": "Family3"
    },
    {
        "_id": "Family3_Member013",
        "name": "Robert King",
        "birth_date": "1979-07-07",
        "gender": "Male",
        "milestones": [
            {
                "type": "Birthday",
                "date": "1979-07-07"
            },
            {
                "type": "Graduation",
                "date": "2001-09-09"
            }
        ],
        "relationships": [
            {
                "type": "spouse",
                "related_to": "Family3_Member006"
            },
            {
                "type": "parent",
                "related_to": "Family3_Member002"
            },
            {
                "type": "sibling",
                "related_to": "Family3_Member012"
            },
            {
                "type": "spouse",
                "related_to": "Family3_Member005"
            }
        ],
        "interests": [
            "Snowboarding"
        ],
        "occupation": "Lawyer",
        "favorite_color": "Cerulean",
        "has_pet": true,
        "family_id": "Family3"
    },
    {
        "_id": "Family3_Member014",
        "name": "Samuel Phillips",
        "birth_date": "2007-07-15",
        "gender": "Non-binary",
        "milestones": [
            {
                "type": "Birthday",
                "date": "2007-07-15"
            }
        ],
        "relationships": [
            {
                "type": "child",
                "related_to": "Family3_Member004"
            },
            {
                "type": "child",
                "related_to": "Family3_Member004"
            },
            {
                "type": "parent",
                "related_to": "Family3_Member007"
            },
            {
                "type": "sibling",
                "related_to": "Family3_Member007"
            },
            {
                "type": "spouse",
                "related_to": "Family3_Member003"
            },
            {
                "type": "child",
                "related_to": "Family3_Member003"
            }
        ],
        "interests": [
            "Yoga",
            "Singing"
        ],
        "occupation": "Writer",
        "favorite_color": "Olive",
        "has_pet": false,
        "family_id": "Family3"
    },
    {
        "_id": "Family3_Member015",
        "name": "Hannah King",
        "birth_date": "1995-08-24",
        "gender": "Male",
        "milestones": [
            {
                "type": "Birthday",
                "date": "1995-08-24"
            },
            {
                "type": "Graduation",
                "date": "2017-03-04"
            },
            {
                "type": "Wedding Anniversary",
                "date": "2027-10-10"
            }
        ],
        "relationships": [
            {
                "type": "sibling",
                "related_to": "Family3_Member007"
            },
            {
                "type": "child",
                "related_to": "Family3_Member013"
            },
            {
                "type": "sibling",
                "related_to": "Family3_Member002"
            },
            {
                "type": "sibling",
                "related_to": "Family3_Member014"
            },
            {
                "type": "parent",
                "related_to": "Family3_Member014"
            },
            {
                "type": "sibling",
                "related_to": "Family3_Member011"
            },
            {
                "type": "spouse",
                "related_to": "Family3_Member009"
            }
        ],
        "interests": [
            "Gaming",
            "Robotics",
            "Blogging"
        ],
        "occupation": "Mechanic",
        "favorite_color": "Chocolate",
        "has_pet": false,
        "family_id": "Family3"
    },
    {
        "_id": "Family4_Member001",
        "name": "Noah Rivera",
        "birth_date": "1980-03-20",
        "gender": "Female",
        "milestones": [
            {
                "type": "Birthday",
                "date": "1980-03-20"
            },
            {
                "type": "Graduation",
                "date": "2002-07-20"
            }
        ],
        "relationships": [
            {
                "type": "parent",
                "related_to": "Family4_Member005"
            },
            {
                "type": "spouse",
                "related_to": "Family4_Member002"
            }
        ],
        "interests": [
            "Yoga"
        ],
        "occupation": "Engineer",
        "favorite_color": "Charcoal",
        "has_pet": false,
        "family_id": "Family4"
    },
    {
        "_id": "Family4_Member002",
        "name": "Evelyn Rivera",
        "birth_date": "1965-04-01",
        "gender": "Male",
        "milestones": [
            {
                "type": "Birthday",
                "date": "1965-04-01"
            },
            {
                "type": "Graduation",
                "date": "1987-11-04"
            }
        ],
        "relationships": [
            {
                "type": "spouse",
                "related_to": "Family4_Member007"
            },
            {
                "type": "parent",
                "related_to": "Family4_Member005"
            },
            {
                "type": "spouse",
                "related_to": "Family4_Member010"
            },
            {
                "type": "spouse",
                "related_to": "Family4_Member003"
            }
        ],
        "interests": [
            "Swimming",
            "Gaming",
            "Yoga"
        ],
        "occupation": "Translator",
        "favorite_color": "Peach",
        "has_pet": false,
        "family_id": "Family4"
    },
    {
        "_id": "Family4_Member003",
        "name": "Oliver Moore",
        "birth_date": "1981-04-18",
        "gender": "Non-binary",
        "milestones": [
            {
                "type": "Birthday",
                "date": "1981-04-18"
            },
            {
                "type": "Graduation",
                "date": "2003-04-30"
            },
            {
                "type": "Wedding Anniversary",
                "date": "2008-04-12"
            }
        ],
        "relationships": [
            {
                "type": "spouse",
                "related_to": "Family4_Member010"
            },
            {
                "type": "parent",
                "related_to": "Family4_Member005"
            },
            {
                "type": "spouse",
                "related_to": "Family4_Member003"
            },
            {
                "type": "spouse",
                "related_to": "Family4_Member006"
            }
        ],
        "interests": [
            "Dancing"
        ],
        "occupation": "Journalist",
        "favorite_color": "Amber",
        "has_pet": false,
        "family_id": "Family4"
    },
    {
        "_id": "Family4_Member004",
        "name": "Emily Rivera",
        "birth_date": "1950-09-23",
        "gender": "Male",
        "milestones": [
            {
                "type": "Birthday",
                "date": "1950-09-23"
            },
            {
                "type": "Graduation",
                "date": "1972-03-27"
            },
            {
                "type": "Wedding Anniversary",
                "date": "1977-09-23"
            }
        ],
        "relationships": [
            {
                "type": "parent",
                "related_to": "Family4_Member005"
            },
            {
                "type": "spouse",
                "related_to": "Family4_Member014"
            },
            {
                "type": "spouse",
                "related_to": "Family4_Member014"
            }
        ],
        "interests": [
            "Volunteering",
            "Cycling"
        ],
        "occupation": "Pilot",
        "favorite_color": "Sand",
        "has_pet": true,
        "family_id": "Family4"
    },
    {
        "_id": "Family4_Member005",
        "name": "Sofia Rivera",
        "birth_date": "1990-06-03",
        "gender": "Non-binary",
        "milestones": [
            {
                "type": "Birthday",
                "date": "1990-06-03"
            },
            {
                "type": "Graduation",
                "date": "2012-05-08"
            },
            {
                "type": "Wedding Anniversary",
                "date": "2023-01-05"
            }
        ],
        "relationships": [
            {
                "type": "child",
                "related_to": "Family4_Member015"
            },
            {
                "type": "child",
                "related_to": "Family4_Member002"
            },
            {
                "type": "child",
                "related_to": "Family4_Member007"
            },
            {
                "type": "child",
                "related_to": "Family4_Member001"
            },
            {
                "type": "child",
                "related_to": "Family4_Member001"
            },
            {
                "type": "parent",
                "related_to": "Family4_Member005"
            },
            {
                "type": "spouse",
                "related_to": "Family4_Member003"
            },
            {
                "type": "child",
                "related_to": "Family4_Member015"
            },
            {
                "type": "child",
                "related_to": "Family4_Member009"
            },
            {
                "type": "child",
                "related_to": "Family4_Member004"
            },
            {
                "type": "child",
                "related_to": "Family4_Member009"
            },
            {
                "type": "child",
                "related_to": "Family4_Member001"
            },
            {
                "type": "child",
                "related_to": "Family4_Member010"
            },
            {
                "type": "child",
                "related_to": "Family4_Member015"
            },
            {
                "type": "child",
                "related_to": "Family4_Member013"
            },
            {
                "type": "child",
                "related_to": "Family4_Member009"
            },
            {
                "type": "child",
                "related_to": "Family4_Member002"
            }
        ],
        "interests": [
            "Calligraphy",
            "Bird Watching",
            "Meditation"
        ],
        "occupation": "Zoologist",
        "favorite_color": "Gray",
        "has_pet": false,
        "family_id": "Family4"
    },
    {
        "_id": "Family4_Member006",
        "name": "Grace Morris",
        "birth_date": "1965-09-22",
        "gender": "Male",
        "milestones": [
            {
                "type": "Birthday",
                "date": "1965-09-22"
            },
            {
                "type": "Graduation",
                "date": "1987-09-22"
            }
        ],
        "relationships": [
            {
                "type": "parent",
                "related_to": "Family4_Member005"
            },
            {
                "type": "spouse",
                "related_to": "Family4_Member010"
            }
        ],
        "interests": [
            "Robotics",
            "Camping",
            "Gaming"
        ],
        "occupation": "Game Developer",
        "favorite_color": "Coral",
        "has_pet": false,
        "family_id": "Family4"
    },
    {
        "_id": "Family4_Member007",
        "name": "Evelyn Rivera",
        "birth_date": "1970-08-12",
        "gender": "Non-binary",
        "milestones": [
            {
                "type": "Birthday",
                "date": "1970-08-12"
            },
            {
                "type": "Graduation",
                "date": "1992-01-07"
            },
            {
                "type": "Wedding Anniversary",
                "date": "2000-03-17"
            }
        ],
        "relationships": [
            {
                "type": "parent",
                "related_to": "Family4_Member005"
            },
            {
                "type": "spouse",
                "related_to": "Family4_Member004"
            },
            {
                "type": "spouse",
                "related_to": "Family4_Member001"
            }
        ],
        "interests": [
            "Magic Tricks",
            "Playing Piano",
            "Singing"
        ],
        "occupation": "Digital Marketer",
        "favorite_color": "Emerald",
        "has_pet": false,
        "family_id": "Family4"
    },
    {
        "_id": "Family4_Member008",
        "name": "Anna White",
        "birth_date": "1962-06-04",
        "gender": "Male",
        "milestones": [
            {
                "type": "Birthday",
                "date": "1962-06-04"
            },
            {
                "type": "Graduation",
                "date": "1984-06-08"
            }
        ],
        "relationships": [
            {
                "type": "parent",
                "related_to": "Family4_Member005"
            },
            {
                "type": "spouse",
                "related_to": "Family4_Member012"
            },
            {
                "type": "spouse",
                "related_to": "Family4_Member002"
            },
            {
                "type": "spouse",
                "related_to": "Family4_Member006"
            }
        ],
        "interests": [
            "Magic Tricks",
            "Woodworking",
            "Meditation"
        ],
        "occupation": "Bartender",
        "favorite_color": "Amber",
        "has_pet": true,
        "family_id": "Family4"
    },
    {
        "_id": "Family4_Member009",
        "name": "Elijah Rivera",
        "birth_date": "1975-10-09",
        "gender": "Non-binary",
        "milestones": [
            {
                "type": "Birthday",
                "date": "1975-10-09"
            },
            {
                "type": "Graduation",
                "date": "1997-05-10"
            }
        ],
        "relationships": [
            {
                "type": "parent",
                "related_to": "Family4_Member005"
            },
            {
                "type": "spouse",
                "related_to": "Family4_Member015"
            }
        ],
        "interests": [
            "Dancing",
            "Robotics"
        ],
        "occupation": "Real Estate Agent",
        "favorite_color": "Mint",
        "has_pet": true,
        "family_id": "Family4"
    },
    {
        "_id": "Family4_Member010",
        "name": "Emily Rivera",
        "birth_date": "1950-08-05",
        "gender": "Non-binary",
        "milestones": [
            {
                "type": "Birthday",
                "date": "1950-08-05"
            },
            {
                "type": "Graduation",
                "date": "1972-07-06"
            },
            {
                "type": "Wedding Anniversary",
                "date": "1975-02-12"
            }
        ],
        "relationships": [
            {
                "type": "spouse",
                "related_to": "Family4_Member009"
            },
            {
                "type": "spouse",
                "related_to": "Family4_Member006"
            },
            {
                "type": "spouse",
                "related_to": "Family4_Member007"
            },
            {
                "type": "parent",
                "related_to": "Family4_Member005"
            },
            {
                "type": "spouse",
                "related_to": "Family4_Member010"
            }
        ],
        "interests": [
            "Pets",
            "Cycling"
        ],
        "occupation": "Electrician",
        "favorite_color": "Silver",
        "has_pet": false,
        "family_id": "Family4"
    },
    {
        "_id": "Family4_Member011",
        "name": "Gabriel Rivera",
        "birth_date": "1974-08-20",
        "gender": "Female",
        "milestones": [
            {
                "type": "Birthday",
                "date": "1974-08-20"
            },
            {
                "type": "Graduation",
                "date": "1996-09-08"
            },
            {
                "type": "Wedding Anniversary",
                "date": "2009-03-10"
            }
        ],
        "relationships": [
            {
                "type": "parent",
                "related_to": "Family4_Member005"
            },
            {
                "type": "spouse",
                "related_to": "Family4_Member012"
            }
        ],
        "interests": [
            "Painting"
        ],
        "occupation": "Doctor",
        "favorite_color": "Indigo",
        "has_pet": false,
        "family_id": "Family4"
    },
    {
        "_id": "Family4_Member012",
        "name": "Samuel Rivera",
        "birth_date": "1952-07-25",
        "gender": "Non-binary",
        "milestones": [
            {
                "type": "Birthday",
                "date": "1952-07-25"
            },
            {
                "type": "Graduation",
                "date": "1974-06-13"
            },
            {
                "type": "Death",
                "date": "2022-11-11"
            }
        ],
        "relationships": [
            {
                "type": "spouse",
                "related_to": "Family4_Member008"
            },
            {
                "type": "spouse",
                "related_to": "Family4_Member009"
            },
            {
                "type": "parent",
                "related_to": "Family4_Member005"
            },
            {
                "type": "spouse",
                "related_to": "Family4_Member008"
            }
        ],
        "interests": [
            "Mixology",
            "Robotics",
            "Investing"
        ],
        "occupation": "Mechanic",
        "favorite_color": "Green",
        "has_pet": false,
        "family_id": "Family4"
    },
    {
        "_id": "Family4_Member013",
        "name": "Penelope Rivera",
        "birth_date": "1956-11-12",
        "gender": "Male",
        "milestones": [
            {
                "type": "Birthday",
                "date": "1956-11-12"
            },
            {
                "type": "Graduation",
                "date": "1978-11-16"
            },
            {
                "type": "Wedding Anniversary",
                "date": "1983-09-30"
            }
        ],
        "relationships": [
            {
                "type": "parent",
                "related_to": "Family4_Member005"
            },
            {
                "type": "spouse",
                "related_to": "Family4_Member008"
            }
        ],
        "interests": [
            "Hiking"
        ],
        "occupation": "Entrepreneur",
        "favorite_color": "Blue",
        "has_pet": false,
        "family_id": "Family4"
    },
    {
        "_id": "Family4_Member014",
        "name": "Zoe Rivera",
        "birth_date": "1963-10-17",
        "gender": "Female",
        "milestones": [
            {
                "type": "Birthday",
                "date": "1963-10-17"
            },
            {
                "type": "Graduation",
                "date": "1985-03-06"
            }
        ],
        "relationships": [
            {
                "type": "spouse",
                "related_to": "Family4_Member010"
            },
            {
                "type": "parent",
                "related_to": "Family4_Member005"
            },
            {
                "type": "spouse",
                "related_to": "Family4_Member002"
            }
        ],
        "interests": [
            "Astronomy"
        ],
        "occupation": "Mechanic",
        "favorite_color": "Mint",
        "has_pet": false,
        "family_id": "Family4"
    },
    {
        "_id": "Family4_Member015",
        "name": "Ellie Evans",
        "birth_date": "1961-07-31",
        "gender": "Male",
        "milestones": [
            {
                "type": "Birthday",
                "date": "1961-07-31"
            },
            {
                "type": "Graduation",
                "date": "1983-01-16"
            }
        ],
        "relationships": [
            {
                "type": "spouse",
                "related_to": "Family4_Member002"
            },
            {
                "type": "parent",
                "related_to": "Family4_Member005"
            },
            {
                "type": "spouse",
                "related_to": "Family4_Member007"
            }
        ],
        "interests": [
            "Bird Watching"
        ],
        "occupation": "Librarian",
        "favorite_color": "Cerulean",
        "has_pet": false,
        "family_id": "Family4"
    },
    {
        "_id": "Family5_Member001",
        "name": "James Perez",
        "birth_date": "2007-06-08",
        "gender": "Female",
        "milestones": [
            {
                "type": "Birthday",
                "date": "2007-06-08"
            }
        ],
        "relationships": [
            {
                "type": "sibling",
                "related_to": "Family5_Member010"
            },
            {
                "type": "parent",
                "related_to": "Family5_Member003"
            },
            {
                "type": "sibling",
                "related_to": "Family5_Member001"
            },
            {
                "type": "spouse",
                "related_to": "Family5_Member009"
            },
            {
                "type": "child",
                "related_to": "Family5_Member013"
            },
            {
                "type": "child",
                "related_to": "Family5_Member014"
            }
        ],
        "interests": [
            "Volunteering",
            "Home Brewing"
        ],
        "occupation": "Engineer",
        "favorite_color": "Charcoal",
        "has_pet": true,
        "family_id": "Family5"
    },
    {
        "_id": "Family5_Member002",
        "name": "Liam Perez",
        "birth_date": "2004-02-05",
        "gender": "Female",
        "milestones": [
            {
                "type": "Birthday",
                "date": "2004-02-05"
            }
        ],
        "relationships": [
            {
                "type": "parent",
                "related_to": "Family5_Member001"
            },
            {
                "type": "sibling",
                "related_to": "Family5_Member010"
            },
            {
                "type": "spouse",
                "related_to": "Family5_Member009"
            },
            {
                "type": "child",
                "related_to": "Family5_Member013"
            },
            {
                "type": "sibling",
                "related_to": "Family5_Member010"
            },
            {
                "type": "sibling",
                "related_to": "Family5_Member010"
            },
            {
                "type": "child",
                "related_to": "Family5_Member006"
            }
        ],
        "interests": [
            "Camping"
        ],
        "occupation": "Veterinarian",
        "favorite_color": "Purple",
        "has_pet": true,
        "family_id": "Family5"
    },
    {
        "_id": "Family5_Member003",
        "name": "Abigail Perez",
        "birth_date": "1998-09-02",
        "gender": "Male",
        "milestones": [
            {
                "type": "Birthday",
                "date": "1998-09-02"
            },
            {
                "type": "Graduation",
                "date": "2020-04-07"
            }
        ],
        "relationships": [
            {
                "type": "child",
                "related_to": "Family5_Member013"
            },
            {
                "type": "parent",
                "related_to": "Family5_Member007"
            },
            {
                "type": "sibling",
                "related_to": "Family5_Member005"
            },
            {
                "type": "spouse",
                "related_to": "Family5_Member006"
            },
            {
                "type": "sibling",
                "related_to": "Family5_Member004"
            },
            {
                "type": "sibling",
                "related_to": "Family5_Member001"
            }
        ],
        "interests": [
            "Woodworking",
            "Pets",
            "Pottery"
        ],
        "occupation": "Writer",
        "favorite_color": "Emerald",
        "has_pet": false,
        "family_id": "Family5"
    },
    {
        "_id": "Family5_Member004",
        "name": "Ava Perez",
        "birth_date": "2007-12-29",
        "gender": "Female",
        "milestones": [
            {
                "type": "Birthday",
                "date": "2007-12-29"
            }
        ],
        "relationships": [
            {
                "type": "parent",
                "related_to": "Family5_Member005"
            },
            {
                "type": "sibling",
                "related_to": "Family5_Member010"
            },
            {
                "type": "spouse",
                "related_to": "Family5_Member006"
            },
            {
                "type": "child",
                "related_to": "Family5_Member014"
            },
            {
                "type": "sibling",
                "related_to": "Family5_Member010"
            }
        ],
        "interests": [
            "Woodworking",
            "3D Printing"
        ],
        "occupation": "Geologist",
        "favorite_color": "Emerald",
        "has_pet": false,
        "family_id": "Family5"
    },
    {
        "_id": "Family5_Member005",
        "name": "Daniel Perez",
        "birth_date": "2003-05-15",
        "gender": "Male",
        "milestones": [
            {
                "type": "Birthday",
                "date": "2003-05-15"
            }
        ],
        "relationships": [
            {
                "type": "sibling",
                "related_to": "Family5_Member010"
            },
            {
                "type": "child",
                "related_to": "Family5_Member014"
            },
            {
                "type": "parent",
                "related_to": "Family5_Member011"
            },
            {
                "type": "sibling",
                "related_to": "Family5_Member011"
            },
            {
                "type": "spouse",
                "related_to": "Family5_Member014"
            },
            {
                "type": "sibling",
                "related_to": "Family5_Member012"
            },
            {
                "type": "sibling",
                "related_to": "Family5_Member002"
            },
            {
                "type": "sibling",
                "related_to": "Family5_Member011"
            }
        ],
        "interests": [
            "Surfing",
            "Singing"
        ],
        "occupation": "Writer",
        "favorite_color": "Sand",
        "has_pet": false,
        "family_id": "Family5"
    },
    {
        "_id": "Family5_Member006",
        "name": "Amelia Perez",
        "birth_date": "1976-08-15",
        "gender": "Male",
        "milestones": [
            {
                "type": "Birthday",
                "date": "1976-08-15"
            },
            {
                "type": "Graduation",
                "date": "1998-01-15"
            }
        ],
        "relationships": [
            {
                "type": "spouse",
                "related_to": "Family5_Member014"
            },
            {
                "type": "spouse",
                "related_to": "Family5_Member013"
            },
            {
                "type": "parent",
                "related_to": "Family5_Member004"
            },
            {
                "type": "sibling",
                "related_to": "Family5_Member003"
            },
            {
                "type": "spouse",
                "related_to": "Family5_Member014"
            },
            {
                "type": "spouse",
                "related_to": "Family5_Member013"
            }
        ],
        "interests": [
            "Scrapbooking",
            "Cycling"
        ],
        "occupation": "Entrepreneur",
        "favorite_color": "White",
        "has_pet": true,
        "family_id": "Family5"
    },
    {
        "_id": "Family5_Member007",
        "name": "Luna Perez",
        "birth_date": "2000-01-22",
        "gender": "Male",
        "milestones": [
            {
                "type": "Birthday",
                "date": "2000-01-22"
            },
            {
                "type": "Graduation",
                "date": "2022-03-12"
            }
        ],
        "relationships": [
            {
                "type": "child",
                "related_to": "Family5_Member008"
            },
            {
                "type": "parent",
                "related_to": "Family5_Member002"
            },
            {
                "type": "sibling",
                "related_to": "Family5_Member002"
            },
            {
                "type": "spouse",
                "related_to": "Family5_Member006"
            },
            {
                "type": "child",
                "related_to": "Family5_Member015"
            },
            {
                "type": "child",
                "related_to": "Family5_Member015"
            }
        ],
        "interests": [
            "Yoga",
            "Snowboarding"
        ],
        "occupation": "Architect",
        "favorite_color": "Plum",
        "has_pet": false,
        "family_id": "Family5"
    },
    {
        "_id": "Family5_Member008",
        "name": "Benjamin Thomas",
        "birth_date": "1985-05-30",
        "gender": "Female",
        "milestones": [
            {
                "type": "Birthday",
                "date": "1985-05-30"
            },
            {
                "type": "Graduation",
                "date": "2007-10-23"
            }
        ],
        "relationships": [
            {
                "type": "parent",
                "related_to": "Family5_Member010"
            },
            {
                "type": "sibling",
                "related_to": "Family5_Member004"
            },
            {
                "type": "spouse",
                "related_to": "Family5_Member014"
            },
            {
                "type": "spouse",
                "related_to": "Family5_Member009"
            },
            {
                "type": "spouse",
                "related_to": "Family5_Member015"
            },
            {
                "type": "spouse",
                "related_to": "Family5_Member013"
            },
            {
                "type": "spouse",
                "related_to": "Family5_Member014"
            }
        ],
        "interests": [
            "Dancing",
            "Blogging"
        ],
        "occupation": "Psychologist",
        "favorite_color": "Blue",
        "has_pet": true,
        "family_id": "Family5"
    },
    {
        "_id": "Family5_Member009",
        "name": "William Rivera",
        "birth_date": "1974-10-29",
        "gender": "Female",
        "milestones": [
            {
                "type": "Birthday",
                "date": "1974-10-29"
            },
            {
                "type": "Graduation",
                "date": "1996-05-20"
            },
            {
                "type": "Wedding Anniversary",
                "date": "2004-07-23"
            }
        ],
        "relationships": [
            {
                "type": "spouse",
                "related_to": "Family5_Member006"
            },
            {
                "type": "spouse",
                "related_to": "Family5_Member008"
            },
            {
                "type": "spouse",
                "related_to": "Family5_Member015"
            },
            {
                "type": "parent",
                "related_to": "Family5_Member012"
            },
            {
                "type": "sibling",
                "related_to": "Family5_Member012"
            },
            {
                "type": "spouse",
                "related_to": "Family5_Member009"
            }
        ],
        "interests": [
            "Surfing",
            "Pets",
            "Playing Piano"
        ],
        "occupation": "Bartender",
        "favorite_color": "White",
        "has_pet": false,
        "family_id": "Family5"
    },
    {
        "_id": "Family5_Member010",
        "name": "Penelope Perez",
        "birth_date": "1990-08-21",
        "gender": "Male",
        "milestones": [
            {
                "type": "Birthday",
                "date": "1990-08-21"
            },
            {
                "type": "Graduation",
                "date": "2012-02-19"
            }
        ],
        "relationships": [
            {
                "type": "sibling",
                "related_to": "Family5_Member004"
            },
            {
                "type": "sibling",
                "related_to": "Family5_Member001"
            },
            {
                "type": "child",
                "related_to": "Family5_Member015"
            },
            {
                "type": "parent",
                "related_to": "Family5_Member012"
            },
            {
                "type": "sibling",
                "related_to": "Family5_Member005"
            },
            {
                "type": "spouse",
                "related_to": "Family5_Member008"
            },
            {
                "type": "child",
                "related_to": "Family5_Member014"
            },
            {
                "type": "sibling",
                "related_to": "Family5_Member003"
            }
        ],
        "interests": [
            "Calligraphy",
            "Dancing",
            "3D Printing"
        ],
        "occupation": "Firefighter",
        "favorite_color": "Cerulean",
        "has_pet": false,
        "family_id": "Family5"
    },
    {
        "_id": "Family5_Member011",
        "name": "Olivia Perez",
        "birth_date": "1998-07-02",
        "gender": "Female",
        "milestones": [
            {
                "type": "Birthday",
                "date": "1998-07-02"
            },
            {
                "type": "Graduation",
                "date": "2020-09-21"
            },
            {
                "type": "Wedding Anniversary",
                "date": "2031-05-13"
            }
        ],
        "relationships": [
            {
                "type": "child",
                "related_to": "Family5_Member013"
            },
            {
                "type": "sibling",
                "related_to": "Family5_Member012"
            },
            {
                "type": "parent",
                "related_to": "Family5_Member007"
            },
            {
                "type": "sibling",
                "related_to": "Family5_Member003"
            },
            {
                "type": "spouse",
                "related_to": "Family5_Member014"
            }
        ],
        "interests": [
            "Knitting",
            "Magic Tricks",
            "Meditation"
        ],
        "occupation": "Plumber",
        "favorite_color": "Purple",
        "has_pet": true,
        "family_id": "Family5"
    },
    {
        "_id": "Family5_Member012",
        "name": "Andrew Perez",
        "birth_date": "2007-04-20",
        "gender": "Non-binary",
        "milestones": [
            {
                "type": "Birthday",
                "date": "2007-04-20"
            }
        ],
        "relationships": [
            {
                "type": "child",
                "related_to": "Family5_Member008"
            },
            {
                "type": "sibling",
                "related_to": "Family5_Member002"
            },
            {
                "type": "child",
                "related_to": "Family5_Member006"
            },
            {
                "type": "parent",
                "related_to": "Family5_Member007"
            },
            {
                "type": "sibling",
                "related_to": "Family5_Member002"
            },
            {
                "type": "spouse",
                "related_to": "Family5_Member008"
            }
        ],
        "interests": [
            "Fashion Design",
            "Collecting Stamps"
        ],
        "occupation": "Chef",
        "favorite_color": "Khaki",
        "has_pet": false,
        "family_id": "Family5"
    },
    {
        "_id": "Family5_Member013",
        "name": "Andrew Perez",
        "birth_date": "1973-03-03",
        "gender": "Male",
        "milestones": [
            {
                "type": "Birthday",
                "date": "1973-03-03"
            },
            {
                "type": "Graduation",
                "date": "1995-02-20"
            }
        ],
        "relationships": [
            {
                "type": "parent",
                "related_to": "Family5_Member002"
            },
            {
                "type": "sibling",
                "related_to": "Family5_Member005"
            },
            {
                "type": "spouse",
                "related_to": "Family5_Member008"
            },
            {
                "type": "spouse",
                "related_to": "Family5_Member009"
            }
        ],
        "interests": [
            "Camping",
            "Gardening",
            "Scrapbooking"
        ],
        "occupation": "Real Estate Agent",
        "favorite_color": "Teal",
        "has_pet": false,
        "family_id": "Family5"
    },
    {
        "_id": "Family5_Member014",
        "name": "Sofia Perez",
        "birth_date": "1975-04-21",
        "gender": "Female",
        "milestones": [
            {
                "type": "Birthday",
                "date": "1975-04-21"
            },
            {
                "type": "Graduation",
                "date": "1997-11-20"
            }
        ],
        "relationships": [
            {
                "type": "spouse",
                "related_to": "Family5_Member015"
            },
            {
                "type": "spouse",
                "related_to": "Family5_Member013"
            },
            {
                "type": "spouse",
                "related_to": "Family5_Member006"
            },
            {
                "type": "spouse",
                "related_to": "Family5_Member015"
            },
            {
                "type": "parent",
                "related_to": "Family5_Member010"
            },
            {
                "type": "sibling",
                "related_to": "Family5_Member010"
            },
            {
                "type": "spouse",
                "related_to": "Family5_Member008"
            }
        ],
        "interests": [
            "Volunteering",
            "Cycling",
            "Writing"
        ],
        "occupation": "Astrophysicist",
        "favorite_color": "Mint",
        "has_pet": false,
        "family_id": "Family5"
    },
    {
        "_id": "Family5_Member015",
        "name": "Scarlett Perez",
        "birth_date": "1953-02-04",
        "gender": "Male",
        "milestones": [
            {
                "type": "Birthday",
                "date": "1953-02-04"
            },
            {
                "type": "Graduation",
                "date": "1975-07-31"
            },
            {
                "type": "Wedding Anniversary",
                "date": "1978-08-16"
            }
        ],
        "relationships": [
            {
                "type": "parent",
                "related_to": "Family5_Member001"
            },
            {
                "type": "sibling",
                "related_to": "Family5_Member005"
            },
            {
                "type": "spouse",
                "related_to": "Family5_Member013"
            }
        ],
        "interests": [
            "Podcasting",
            "Writing"
        ],
        "occupation": "Designer",
        "favorite_color": "Violet",
        "has_pet": true,
        "family_id": "Family5"
    }
]