[
    {
        "_id": "674c9f10ee6d89eb9a52a6f2",
        "brand": "Juniper Moon Farm",
        "yarn_name": "Zooey",
        "net_weight": {
            "gram": 100.0,
            "oz": 3.53
        },
        "yarn_blend": "60% Cotton 40% Linen",
        "yarn_length": {
            "yard": 284.0,
            "meter": 260.0
        },
        "suggested_needles": {
            "US size": 3,
            "international_size_mm": 3.25
        },
        "care": "Iron, Low Machine Wash Gentle (65°F to 85°F/30°C) Do Not Bleach Do Not Tumble Dry Dry Clean in Certain Solvents Dry Flat",
        "tension_gauge": "20-24 stitches to 4\"",
        "yarn_weight": "dk",
        "yarn_id": 10,
        "inventory_id": 1,
        "quantity": 28,
        "total_meter": 7280.0,
        "total_yard": 7952.0,
        "color_family": "Blue",
        "color_name": "Ocean Blue",
        "created_date": "2024-12-01 11:38:24",
        "modified_date": "2024-12-01 11:39:26"
    },
    {
        "_id": "674c9f59ee6d89eb9a52a6f3",
        "url": "https://www.yarn.com/products/rowan-handknit-cotton",
        "brand": "Rowan",
        "yarn_name": "Handknit Cotton",
        "net_weight": {
            "gram": 50.0,
            "oz": 1.76
        },
        "yarn_blend": "100% Cotton",
        "yarn_length": {
            "yard": 93.0,
            "meter": 85.0
        },
        "suggested_needles": {
            "US size": 6,
            "international_size_mm": 4.0
        },
        "care": "Do Not Bleach Do Not Tumble Dry Dry Clean Any Solvent Iron, Medium",
        "tension_gauge": "19-20 stitches, 28 rows to 4\"",
        "yarn_weight": "dk",
        "yarn_id": 18,
        "created_date": "2024-12-01 11:39:37",
        "inventory_id": 2,
        "quantity": 21,
        "total_meter": 1785.0,
        "total_yard": 1953.0,
        "color_family": "Red",
        "color_name": "Crimson"
    },
    {
        "_id": "674c9f65ee6d89eb9a52a6f4",
        "url": "https://www.yarn.com/products/cascade-yarns-220-sport",
        "brand": "Cascade Yarns",
        "yarn_name": "220 Sport",
        "net_weight": {
            "gram": 50.0,
            "oz": 1.76
        },
        "yarn_blend": "100% Wool",
        "yarn_length": {
            "yard": 164.0,
            "meter": 150.0
        },
        "suggested_needles": {
            "US size": 5,
            "international_size_mm": 3.75
        },
        "care": "Dry Flat Hand Wash",
        "tension_gauge": "22 stitches to 4\"",
        "yarn_weight": "sport",
        "yarn_id": 19,
        "created_date": "2024-12-01 11:39:49",
        "inventory_id": 3,
        "quantity": 3,
        "total_meter": 450.0,
        "total_yard": 492.0,
        "color_family": "Blue",
        "color_name": "Turquoise"
    },
    {
        "_id": "674c9f76ee6d89eb9a52a6f5",
        "url": "https://www.yarn.com/products/cascade-yarns-220-superwash-sport",
        "brand": "Cascade Yarns",
        "yarn_name": "220 Superwash Sport",
        "net_weight": {
            "gram": 50.0,
            "oz": 1.76
        },
        "yarn_blend": "100% Merino Wool",
        "yarn_length": {
            "yard": 137.0,
            "meter": 125.0
        },
        "suggested_needles": {
            "US size": 5,
            "international_size_mm": 3.75
        },
        "care": "Tumble Dry, Low Heat Machine Wash (65°F to 85°F/30°C)",
        "tension_gauge": "22-24 stitches to 4\"",
        "yarn_weight": "sport",
        "yarn_id": 15,
        "created_date": "2024-12-01 11:40:06",
        "inventory_id": 4,
        "quantity": 49,
        "total_meter": 6125.0,
        "total_yard": 6713.0,
        "color_family": "Yellow",
        "color_name": "Sunshine Yellow"
    },
    {
        "_id": "674c9f89ee6d89eb9a52a6f6",
        "brand": "Noro",
        "yarn_name": "Yukata",
        "net_weight": {
            "gram": 200.0,
            "oz": 7.06
        },
        "yarn_blend": "50% Silk 25% Wool 25% Polyamide",
        "yarn_length": {
            "yard": 787.0,
            "meter": 720.0
        },
        "suggested_needles": {
            "US size": 3,
            "international_size_mm": 3.25
        },
        "care": "Dry Clean in Certain Solvents",
        "tension_gauge": "23-26 stitches to 4\"",
        "yarn_weight": "sport",
        "yarn_id": 11,
        "inventory_id": 5,
        "quantity": 2,
        "total_meter": 1440.0,
        "total_yard": 1574.0,
        "color_family": "Pink",
        "color_name": "Rosewood",
        "created_date": "2024-12-01 11:40:25"
    },
    {
        "_id": "674c9fb8ee6d89eb9a52a6f7",
        "brand": "Lopi",
        "yarn_name": "Léttlopi (Lite Lopi)",
        "net_weight": {
            "gram": 50.0,
            "oz": 1.76
        },
        "yarn_blend": "100% Wool",
        "yarn_length": {
            "yard": 109.0,
            "meter": 100.0
        },
        "suggested_needles": {
            "US size": 7,
            "international_size_mm": 4.5
        },
        "care": "Dry Flat Hand Wash",
        "tension_gauge": "18 stitches to 4\"",
        "yarn_weight": "Worsted",
        "yarn_id": 8,
        "inventory_id": 6,
        "quantity": 10,
        "total_meter": 1000.0,
        "total_yard": 1090.0,
        "color_family": "Gray",
        "color_name": "Charcoal",
        "created_date": "2024-12-01 11:41:12"
    },
    {
        "_id": "674cb56c139c9183851ff7be",
        "yarn_id": 2,
        "brand": "Valley Yarns",
        "yarn_name": "Huntington",
        "net_weight": {
            "gram": 50,
            "oz": 1.76
        },
        "yarn_blend": "75% Merino Wool 25% Nylon",
        "yarn_length": {
            "yard": 218.0,
            "meter": 199.0
        },
        "suggested_needles": {
            "US size": 2,
            "international_size_mm": 2.75
        },
        "care": "Machine Wash Gentle (65°F to 85°F/30°C) Dry Flat",
        "tension_gauge": "28 stitches, 32 rows to 4\"",
        "yarn_weight": "Fingering",
        "inventory_id": 7,
        "quantity": 15,
        "total_meter": 2985.0,
        "total_yard": 3270.0,
        "color_name": "blue",
        "created_date": "2024-12-01 13:13:48"
    }
]