[
    {
        "_id": "674c93e2be136ec42640ed55",
        "url": "https://www.ravelry.com/patterns/library/christstollen-cardigan",
        "pattern_name": "Christstollen Cardigan",
        "author_name": "Soumine KIM",
        "category": {
            "main": "Sweater",
            "subcategory": "Cardigan"
        },
        "suggested_yarn": [
            "Biches & Bûches Le Gros Silk & Mohair",
            "Biches & Bûches Le Lambswool",
            "both\nare used in this pattern"
        ],
        "yarn_weight": "dk",
        "min_yarn_requirement": {
            "yard": 1531,
            "meter": 1400
        },
        "max_yarn_requirement": {
            "yard": 2001,
            "meter": 1830
        },
        "gauge": "22 stitches and 27 rows = 4 inches",
        "needle_size": [
            "US 7  - 4.5 mm",
            "US 6  - 4.0 mm"
        ],
        "hook_size": [],
        "size": "1/2 (Three sleeve lengths)",
        "pattern_properties": [
            "bottom-up",
            "captioned-video",
            "chart",
            "in-the-round",
            "oversized",
            "positive-ease",
            "shawl",
            "short-rows",
            "steeks",
            "stranded",
            "video-tutorial",
            "written-pattern"
        ],
        "pattern_id": 1,
        "created_date": "2024-12-01 10:50:42"
    },
    {
        "_id": "674c93e2be136ec42640ed56",
        "url": "https://www.ravelry.com/patterns/library/blouse-no-1",
        "pattern_name": "Blouse No. 1",
        "author_name": "My Favourite Things",
        "category": {
            "main": "Tops",
            "subcategory": "Tee"
        },
        "suggested_yarn": [
            "Knitting for Olive Pure Silk"
        ],
        "yarn_weight": "aran",
        "min_yarn_requirement": {
            "yard": 820,
            "meter": 750
        },
        "max_yarn_requirement": {
            "yard": 1367,
            "meter": 1250
        },
        "gauge": "19 stitches and 27 rows = 4 inches in Stockinette",
        "needle_size": [
            "US 8  - 5.0 mm",
            "US 6  - 4.0 mm"
        ],
        "hook_size": [],
        "size": "XS-4XL",
        "pattern_properties": [
            "boat-neck",
            "contiguous",
            "fitted",
            "in-the-round",
            "long-sleeve",
            "negative-ease",
            "top-down",
            "written-pattern"
        ],
        "pattern_id": 2,
        "created_date": "2024-12-01 10:50:42"
    },
    {
        "_id": "674c93e3be136ec42640ed57",
        "url": "https://www.ravelry.com/patterns/library/poet",
        "pattern_name": "Poet",
        "author_name": "Sari Nordlund",
        "category": {
            "main": "Sweater",
            "subcategory": "Pullover"
        },
        "suggested_yarn": [
            "Tukuwool Fingering"
        ],
        "yarn_weight": "lace",
        "min_yarn_requirement": {
            "yard": 815,
            "meter": 745
        },
        "max_yarn_requirement": {
            "yard": 2330,
            "meter": 2131
        },
        "gauge": "22 stitches and 32 rows = 4 inches in stockinette stitch",
        "needle_size": [
            "US 4  - 3.5 mm",
            "US 2½ - 3.0 mm"
        ],
        "hook_size": [],
        "size": "Finished bust circumference: 83 (92, 100, 108) (117, 125, 133) (142, 150, 158) cm / 33.5 (36.5, 40, 43.5) (46.5, 50, 53.5) (56, 59, 62.5) inches",
        "pattern_properties": [
            "3-4-sleeve",
            "boat-neck",
            "chart",
            "lace",
            "one-piece",
            "plus",
            "positive-ease",
            "raglan-sleeve",
            "ribbed",
            "schematic",
            "top-down",
            "written-pattern"
        ],
        "pattern_id": 3,
        "created_date": "2024-12-01 10:50:43"
    },
    {
        "_id": "674c93e3be136ec42640ed58",
        "url": "https://www.ravelry.com/patterns/library/cambersands-sweater",
        "pattern_name": "Cambersands Sweater",
        "author_name": "Cheryl Mokhtari",
        "category": {
            "main": "Sweater",
            "subcategory": "Pullover"
        },
        "suggested_yarn": [
            "Isager Yarn Silk Mohair",
            "Isager Yarn Tweed",
            "both\nare used in this pattern"
        ],
        "yarn_weight": "sport",
        "min_yarn_requirement": {
            "yard": 1531,
            "meter": 1400
        },
        "max_yarn_requirement": {
            "yard": 2406,
            "meter": 2200
        },
        "gauge": "17 stitches and 27 rows = 4 inches in stockinette Stitch",
        "needle_size": [
            "US 8  - 5.0 mm",
            "US 4  - 3.5 mm"
        ],
        "hook_size": [],
        "size": "1 (2, 3, 4, 5, 6)",
        "pattern_properties": [
            "cables",
            "in-the-round",
            "oversized",
            "positive-ease",
            "seamless",
            "short-rows",
            "top-down",
            "worked-flat",
            "written-pattern"
        ],
        "pattern_id": 4,
        "created_date": "2024-12-01 10:50:43"
    },
    {
        "_id": "674c93e3be136ec42640ed59",
        "url": "https://www.ravelry.com/patterns/library/umma-top",
        "pattern_name": "umma top",
        "author_name": "aegyoknit",
        "category": {
            "main": "Tops",
            "subcategory": "Sleeveless Top"
        },
        "suggested_yarn": [
            "Isager Yarn Merilin",
            "Isager Yarn Trio 1",
            "both\nare used in this pattern"
        ],
        "yarn_weight": "sport",
        "min_yarn_requirement": {
            "yard": 875,
            "meter": 800
        },
        "max_yarn_requirement": {
            "yard": 1203,
            "meter": 1100
        },
        "gauge": "22 stitches and 38 rows = 4 inches in garter st",
        "needle_size": [
            "US 4  - 3.5 mm",
            "US 2½ - 3.0 mm"
        ],
        "hook_size": [],
        "size": "1 (2) 3 (4) 5 (6)",
        "pattern_properties": [
            "asymmetric",
            "icord-edging",
            "one-piece",
            "positive-ease",
            "top-down",
            "worked-flat",
            "written-pattern"
        ],
        "pattern_id": 5,
        "created_date": "2024-12-01 10:50:43"
    },
    {
        "_id": "674c93e4be136ec42640ed5a",
        "url": "https://www.ravelry.com/patterns/library/henrys-bunny",
        "pattern_name": "Henry's Bunny",
        "author_name": "Sara Elizabeth Kellner",
        "category": {
            "main": "Softies",
            "subcategory": "Animal"
        },
        "suggested_yarn": [
            ""
        ],
        "yarn_weight": "worsted",
        "min_yarn_requirement": {
            "yard": 70,
            "meter": 64
        },
        "max_yarn_requirement": {
            "yard": 90,
            "meter": 82
        },
        "gauge": null,
        "needle_size": [
            "US 4  - 3.5 mm"
        ],
        "hook_size": [],
        "size": null,
        "pattern_properties": [
            "in-the-round",
            "one-piece",
            "seamless",
            "short-rows"
        ],
        "pattern_id": 6,
        "created_date": "2024-12-01 10:50:44"
    },
    {
        "_id": "674c93e4be136ec42640ed5b",
        "url": "https://www.ravelry.com/patterns/library/ranunculus-3",
        "pattern_name": "Ranunculus",
        "author_name": "Midori Hirose",
        "category": {
            "main": "Sweater",
            "subcategory": "Pullover"
        },
        "suggested_yarn": [
            "BC Garn Tussah Tweed",
            "LAMANA Piura",
            "Hansa Farm Kid Mohair Silk"
        ],
        "yarn_weight": "Unknown",
        "min_yarn_requirement": {
            "yard": 405,
            "meter": 370
        },
        "max_yarn_requirement": {
            "yard": 1029,
            "meter": 941
        },
        "gauge": "14 stitches and 20 rows = 4 inches in stockinette stitch after wet blocking",
        "needle_size": [
            "US 10  - 6.0 mm"
        ],
        "hook_size": [],
        "size": "1 (2, 3, 4)(5, 6, 7)(8, 9, 10, 11)",
        "pattern_properties": [
            "boat-neck",
            "circular-yoke",
            "cuffed-sleeve",
            "in-the-round",
            "lace",
            "long-sleeve",
            "one-piece",
            "oversized",
            "plus",
            "puffed-sleeve",
            "schematic",
            "seamless",
            "short-rows",
            "short-sleeve",
            "textured",
            "top-down",
            "video-tutorial",
            "written-pattern"
        ],
        "pattern_id": 7,
        "created_date": "2024-12-01 10:50:44"
    },
    {
        "_id": "674c93e5be136ec42640ed5c",
        "url": "https://www.ravelry.com/patterns/library/clover-tee-solo",
        "pattern_name": "Clover Tee Solo",
        "author_name": "Lene Holme Samsøe",
        "category": {
            "main": "Tops",
            "subcategory": "Tee"
        },
        "suggested_yarn": [
            "Sandnes Garn Line"
        ],
        "yarn_weight": "lace",
        "min_yarn_requirement": {
            "yard": null,
            "meter": null
        },
        "max_yarn_requirement": {
            "yard": null,
            "meter": null
        },
        "gauge": "20 stitches and 29 rows = 4 inches in Glatstrik",
        "needle_size": [
            "US 2½ - 3.0 mm",
            "US 6  - 4.0 mm"
        ],
        "hook_size": [],
        "size": "(XS) S (M) L (XL) 2XL (3XL) 4XL/5XL",
        "pattern_properties": [
            "lace",
            "petite",
            "plus"
        ],
        "pattern_id": 8,
        "created_date": "2024-12-01 10:50:45"
    },
    {
        "_id": "674c93e5be136ec42640ed5d",
        "url": "https://www.ravelry.com/projects/Bobbiknitsit/ilha",
        "pattern_name": "Ilha",
        "author_name": "Orlane Sucche",
        "category": {
            "main": "Sweater",
            "subcategory": "Pullover"
        },
        "suggested_yarn": [],
        "yarn_weight": "Unknown",
        "min_yarn_requirement": {
            "yard": null,
            "meter": null
        },
        "max_yarn_requirement": {
            "yard": null,
            "meter": null
        },
        "gauge": "21 stitches and 31 rows = 4 inches in Stockinette",
        "needle_size": [],
        "hook_size": [],
        "size": null,
        "pattern_properties": [],
        "pattern_id": 9,
        "created_date": "2024-12-01 10:50:45"
    },
    {
        "_id": "674c93e6be136ec42640ed5e",
        "url": "https://www.ravelry.com/patterns/library/tulip-loop-sweater",
        "pattern_name": "Tulip Loop Sweater",
        "author_name": "Other Loops_",
        "category": {
            "main": "Sweater",
            "subcategory": "Pullover"
        },
        "suggested_yarn": [
            "Isager Yarn Tvinni",
            "Isager Yarn Silk Mohair",
            "Gepard Garn Kid Seta",
            "Isager Yarn Jensen Yarn",
            "Knitting for Olive Heavy Merino",
            "Gepard Garn My Wool",
            "Knitting for Olive Soft Silk Mohair"
        ],
        "yarn_weight": "aran",
        "min_yarn_requirement": {
            "yard": 1094,
            "meter": 1000
        },
        "max_yarn_requirement": {
            "yard": 1504,
            "meter": 1375
        },
        "gauge": "18 stitches and 28 rows = 4 inches in rib (k3, p2) on 4.5 mm, after washing and blocking.",
        "needle_size": [
            "US 6  - 4.0 mm",
            "US 7  - 4.5 mm"
        ],
        "hook_size": [],
        "size": "XS (S) M (L) XL (XXL)",
        "pattern_properties": [
            "cables",
            "chart",
            "in-the-round",
            "positive-ease",
            "seamless",
            "teen",
            "top-down",
            "worked-flat",
            "written-pattern"
        ],
        "pattern_id": 10,
        "created_date": "2024-12-01 10:50:46"
    },
    {
        "_id": "674c93e7be136ec42640ed5f",
        "url": "https://www.ravelry.com/patterns/library/twist-loop-sweater",
        "pattern_name": "Twist Loop Sweater",
        "author_name": "Other Loops_",
        "category": {
            "main": "Sweater",
            "subcategory": "Pullover"
        },
        "suggested_yarn": [
            "Önling Önling No 20",
            "Önling Önling No. 10",
            "Önling Önling No. 12",
            "Önling Önling No. 15"
        ],
        "yarn_weight": "worsted",
        "min_yarn_requirement": {
            "yard": 1531,
            "meter": 1400
        },
        "max_yarn_requirement": {
            "yard": 2297,
            "meter": 2100
        },
        "gauge": "22 stitches and 28 rows = 4 inches in pattern stitch with larger needles & three strands held together",
        "needle_size": [
            "US 6  - 4.0 mm",
            "US 7  - 4.5 mm"
        ],
        "hook_size": [],
        "size": "XS, (S, M, L, 1X, 2X)",
        "pattern_properties": [
            "cables",
            "chart",
            "in-the-round",
            "plus",
            "positive-ease",
            "raglan-sleeve",
            "short-rows",
            "teen",
            "top-down"
        ],
        "pattern_id": 11,
        "created_date": "2024-12-01 10:50:47"
    },
    {
        "_id": "674c93e7be136ec42640ed60",
        "url": "https://www.ravelry.com/patterns/library/twist-loop-top",
        "pattern_name": "Twist Loop Top",
        "author_name": "Other Loops_",
        "category": {
            "main": "Tops",
            "subcategory": "Sleeveless Top"
        },
        "suggested_yarn": [
            "Önling Önling No. 11"
        ],
        "yarn_weight": "fingering",
        "min_yarn_requirement": {
            "yard": 787,
            "meter": 720
        },
        "max_yarn_requirement": {
            "yard": 1181,
            "meter": 1080
        },
        "gauge": "32 stitches and 42 rows = 4 inches in k3, p2 rib",
        "needle_size": [
            "US 1½ - 2.5 mm",
            "US 2½ - 3.0 mm"
        ],
        "hook_size": [],
        "size": "XS (S) M (L) XL (XXL)",
        "pattern_properties": [
            "in-the-round",
            "top-down",
            "worked-flat"
        ],
        "pattern_id": 12,
        "created_date": "2024-12-01 10:50:47"
    },
    {
        "_id": "674c93e8be136ec42640ed61",
        "url": "https://www.ravelry.com/patterns/library/drop-loop-top",
        "pattern_name": "Drop Loop Top",
        "author_name": "Other Loops_",
        "category": {
            "main": "Tops",
            "subcategory": "Sleeveless Top"
        },
        "suggested_yarn": [
            "Laines du Nord Luxury Silk"
        ],
        "yarn_weight": "dk",
        "min_yarn_requirement": {
            "yard": 591,
            "meter": 540
        },
        "max_yarn_requirement": {
            "yard": 886,
            "meter": 810
        },
        "gauge": "22 stitches and 32 rows = 4 inches in stockinette stitch",
        "needle_size": [
            "US 6  - 4.0 mm"
        ],
        "hook_size": [],
        "size": "XS (S) (M) (L) XL (XXL)",
        "pattern_properties": [
            "bottom-up",
            "dropped-stitches",
            "in-the-round",
            "teen",
            "worked-flat",
            "written-pattern"
        ],
        "pattern_id": 13,
        "created_date": "2024-12-01 10:50:48"
    },
    {
        "_id": "674c93e8be136ec42640ed62",
        "url": "https://www.ravelry.com/patterns/library/merle-loop-sweater",
        "pattern_name": "Merle Loop Sweater",
        "author_name": "Other Loops_",
        "category": {
            "main": "Sweater",
            "subcategory": "Pullover"
        },
        "suggested_yarn": [
            "Isager Yarn Alpaca 2",
            "Isager Yarn Bouclé",
            "both\nare used in this pattern"
        ],
        "yarn_weight": "aran",
        "min_yarn_requirement": {
            "yard": 1148,
            "meter": 1050
        },
        "max_yarn_requirement": {
            "yard": 1722,
            "meter": 1575
        },
        "gauge": "16 stitches and 26 rows = 4 inches in stockinette stitch after wash and blocking",
        "needle_size": [
            "US 6  - 4.0 mm",
            "US 7  - 4.5 mm"
        ],
        "hook_size": [],
        "size": "XS (S) M (L) XL (XXL)",
        "pattern_properties": [
            "collar",
            "in-the-round",
            "oversized",
            "plus",
            "positive-ease",
            "raglan-sleeve",
            "stripes-colorwork",
            "top-down",
            "written-pattern"
        ],
        "pattern_id": 14,
        "created_date": "2024-12-01 10:50:48"
    },
    {
        "_id": "674c93e8be136ec42640ed63",
        "url": "https://www.ravelry.com/patterns/library/braidy-loop-sweater",
        "pattern_name": "Braidy Loop Sweater",
        "author_name": "Other Loops_",
        "category": {
            "main": "Sweater",
            "subcategory": "Pullover"
        },
        "suggested_yarn": [
            "Önling Önling No 2",
            "Knitting for Olive Soft Silk Mohair",
            "Knitting for Olive No Waste Wool"
        ],
        "yarn_weight": "dk",
        "min_yarn_requirement": {
            "yard": 1476,
            "meter": 1350
        },
        "max_yarn_requirement": {
            "yard": 1722,
            "meter": 1575
        },
        "gauge": "22 stitches and 30 rows = 4 inches in stockinette stitch",
        "needle_size": [
            "US 6  - 4.0 mm",
            "US 4  - 3.5 mm"
        ],
        "hook_size": [],
        "size": "1 (2) 3 (4)",
        "pattern_properties": [
            "cables",
            "oversized",
            "plus",
            "positive-ease",
            "preemie",
            "saddle-shoulder",
            "seamless",
            "teen",
            "top-down",
            "written-pattern"
        ],
        "pattern_id": 15,
        "created_date": "2024-12-01 10:50:48"
    },
    {
        "_id": "674c93e9be136ec42640ed64",
        "url": "https://www.ravelry.com/patterns/library/agave-12",
        "pattern_name": "Agave",
        "author_name": "Yumiko Alexander",
        "category": {
            "main": "Sweater",
            "subcategory": "Pullover"
        },
        "suggested_yarn": [
            "DanDoh Yarn Linen"
        ],
        "yarn_weight": "lace",
        "min_yarn_requirement": {
            "yard": 650,
            "meter": 594
        },
        "max_yarn_requirement": {
            "yard": 1093,
            "meter": 999
        },
        "gauge": "15.5 stitches and 23 rows = 4 inches in stockinette stitch",
        "needle_size": [
            "US 9  - 5.5 mm"
        ],
        "hook_size": [],
        "size": "42 (46, 50, 54, 58)\"/105 (115, 125, 135, 145)cm",
        "pattern_properties": [
            "asymmetric",
            "boat-neck",
            "bottom-up",
            "chart",
            "elbow-sleeve",
            "fitted",
            "lace",
            "lace-edging",
            "oversized",
            "phototutorial",
            "plus",
            "positive-ease",
            "rectangle",
            "schematic",
            "seamed",
            "short-sleeve",
            "sleeves",
            "textured",
            "worked-flat",
            "written-pattern"
        ],
        "pattern_id": 16,
        "created_date": "2024-12-01 10:50:49"
    },
    {
        "_id": "674c93e9be136ec42640ed65",
        "url": "https://www.ravelry.com/patterns/library/ilana-camisole",
        "pattern_name": "Ilana Camisole",
        "author_name": "Masha Ziablikova",
        "category": {
            "main": "Tops",
            "subcategory": "Sleeveless Top"
        },
        "suggested_yarn": [
            "Garnstudio DROPS Safran",
            "Rowan Summerlite 4 ply",
            "Sandnes Garn Tynn Line",
            "Knitting for Olive Pure Silk",
            "Rosários 4 Madragoa"
        ],
        "yarn_weight": "fingering",
        "min_yarn_requirement": {
            "yard": 361,
            "meter": 330
        },
        "max_yarn_requirement": {
            "yard": 547,
            "meter": 500
        },
        "gauge": "26 stitches and 31 rows = 4 inches in Cable Stitch",
        "needle_size": [
            "US 2½ - 3.0 mm"
        ],
        "hook_size": [],
        "size": "1-6, 8",
        "pattern_properties": [
            "in-the-round",
            "seamless",
            "top-down",
            "worked-flat"
        ],
        "pattern_id": 17,
        "created_date": "2024-12-01 10:50:49"
    },
    {
        "_id": "674c93eabe136ec42640ed66",
        "url": "https://www.ravelry.com/patterns/library/elisabeth-blouse",
        "pattern_name": "Elisabeth Blouse",
        "author_name": "PetiteKnit",
        "category": {
            "main": "Sweater",
            "subcategory": "Pullover"
        },
        "suggested_yarn": [
            "Lang Yarns Cashmere Premium",
            "Pascuali Cashmere 6/28 (Organic)",
            "Mondial Deluxe Cashmere",
            "Cardiff Cashmere Classic",
            "Knitting for Olive Merino",
            "Filcolana Pernilla",
            "Sandnes Garn Tynn Silk Mohair",
            "Sandnes Garn Sunday PetiteKnit",
            "Knitting for Olive Compatible Cashmere"
        ],
        "yarn_weight": "sport",
        "min_yarn_requirement": {
            "yard": 1225,
            "meter": 1120
        },
        "max_yarn_requirement": {
            "yard": 1960,
            "meter": 1792
        },
        "gauge": "23 stitches and 32 rows = 4 inches in stockinette stitch on larger needles",
        "needle_size": [
            "US 1½ - 2.5 mm",
            "US 4  - 3.5 mm",
            "US 6  - 4.0 mm"
        ],
        "hook_size": [],
        "size": "XS (S) M (L) XL (2XL) 3XL (4XL) 5XL",
        "pattern_properties": [
            "doubleknit",
            "in-the-round",
            "male",
            "positive-ease",
            "raglan-sleeve",
            "shirt-collar",
            "top-down",
            "worked-flat",
            "written-pattern"
        ],
        "pattern_id": 18,
        "created_date": "2024-12-01 10:50:50"
    },
    {
        "_id": "674cee37c1c6bf10e88d5bbe",
        "url": "https://www.ravelry.com/patterns/library/oslo-hat-5",
        "pattern_name": "Oslo Hat",
        "author_name": "PetiteKnit",
        "category": {
            "main": "Hat",
            "subcategory": "Beanie, Toque"
        },
        "suggested_yarn": [
            "Filcolana Arwetta",
            "Sandnes Garn Sunday PetiteKnit"
        ],
        "yarn_weight": "dk",
        "min_yarn_requirement": {
            "yard": 459,
            "meter": 420
        },
        "max_yarn_requirement": {
            "yard": 689,
            "meter": 630
        },
        "gauge": "22 stitches and 32 rows = 4 inches in stockinette with yarn held double",
        "needle_size": [
            "US 4  - 3.5 mm"
        ],
        "hook_size": [],
        "size": "child (junior) woman (man)",
        "pattern_properties": [
            "bottom-up",
            "child",
            "in-the-round",
            "male",
            "teen",
            "written-pattern"
        ],
        "pattern_id": 19,
        "created_date": "2024-12-01 17:16:07"
    }
]