[
    {
        "_id": "674bca15a5cf767a81206fbb",
        "yarn_id": 3,
        "brand": "String",
        "yarn_name": "Turin",
        "net_weight": {
            "gram": 50,
            "oz": 1.76
        },
        "yarn_blend": "95% Cashmere 5% Merino Wool",
        "yarn_length": {
            "yard": 122.0,
            "meter": 112.0
        },
        "suggested_needles": {
            "US size": 9,
            "international_size_mm": 5.5
        },
        "care": "Dry Flat Hand Wash",
        "tension_gauge": "14 stitches to 4\"",
        "yarn_weight": "Bulky"
    },
    {
        "_id": "674bca15a5cf767a81206fbd",
        "yarn_id": 2,
        "brand": "Valley Yarns",
        "yarn_name": "Huntington",
        "net_weight": {
            "gram": 50,
            "oz": 1.76
        },
        "yarn_blend": "75% Merino Wool 25% Nylon",
        "yarn_length": {
            "yard": 218.0,
            "meter": 199.0
        },
        "suggested_needles": {
            "US size": 2,
            "international_size_mm": 2.75
        },
        "care": "Machine Wash Gentle (65°F to 85°F/30°C) Dry Flat",
        "tension_gauge": "28 stitches, 32 rows to 4\"",
        "yarn_weight": "Fingering"
    },
    {
        "_id": "674bca15a5cf767a81206fbe",
        "yarn_id": 1,
        "brand": "String",
        "yarn_name": "Turin",
        "net_weight": {
            "gram": 50,
            "oz": 1.76
        },
        "yarn_blend": "95% Cashmere 5% Merino Wool",
        "yarn_length": {
            "yard": 122.0,
            "meter": 112.0
        },
        "suggested_needles": {
            "US size": 9,
            "international_size_mm": 5.5
        },
        "care": "Dry Flat Hand Wash",
        "tension_gauge": "14 stitches to 4\"",
        "yarn_weight": "Bulky"
    },
    {
        "_id": "674bcf413ca3260fba022b3f",
        "brand": "Plymouth Yarn",
        "yarn_name": "Encore Worsted",
        "net_weight": {
            "gram": 100.0,
            "oz": 3.53
        },
        "yarn_blend": "75% Acrylic 25% Wool",
        "yarn_length": {
            "yard": 199.0,
            "meter": 182.0
        },
        "suggested_needles": {
            "US size": 8,
            "international_size_mm": 5.0
        },
        "care": "Tumble Dry, Low Heat Machine Wash Gentle",
        "tension_gauge": "20 stitches to 4\"",
        "yarn_weight": "Worsted  See Worsted Weight Yarn",
        "yarn_id": 5
    },
    {
        "_id": "674bd0f843d7a4492581f874",
        "brand": "Tahki Yarns",
        "yarn_name": "Coronado",
        "net_weight": {
            "gram": 50.0,
            "oz": 1.76
        },
        "yarn_blend": "90% Cotton 10% Silk",
        "yarn_length": {
            "yard": 121.0,
            "meter": 111.0
        },
        "suggested_needles": {
            "US size": 6,
            "international_size_mm": 4.0
        },
        "care": "Iron, Low Do Not Bleach Do Not Tumble Dry Dry Clean in Certain Solvents Dry Flat Hand Wash",
        "tension_gauge": "20 stitches to 4\"",
        "yarn_weight": "DK",
        "yarn_id": 7
    },
    {
        "_id": "674bd10f43d7a4492581f875",
        "brand": "Lopi",
        "yarn_name": "Léttlopi (Lite Lopi)",
        "net_weight": {
            "gram": 50.0,
            "oz": 1.76
        },
        "yarn_blend": "100% Wool",
        "yarn_length": {
            "yard": 109.0,
            "meter": 100.0
        },
        "suggested_needles": {
            "US size": 7,
            "international_size_mm": 4.5
        },
        "care": "Dry Flat Hand Wash",
        "tension_gauge": "18 stitches to 4\"",
        "yarn_weight": "Worsted",
        "yarn_id": 8
    },
    {
        "_id": "674bd5d1ce5a4fe97da6c094",
        "brand": "Lopi",
        "yarn_name": "Léttlopi (Lite Lopi)",
        "net_weight": {
            "gram": 50.0,
            "oz": 1.76
        },
        "yarn_blend": "100% Wool",
        "yarn_length": {
            "yard": 109.0,
            "meter": 100.0
        },
        "suggested_needles": {
            "US size": 7,
            "international_size_mm": 4.5
        },
        "care": "Dry Flat Hand Wash",
        "tension_gauge": "18 stitches to 4\"",
        "yarn_weight": "worsted",
        "yarn_id": 9
    },
    {
        "_id": "674bd609ce5a4fe97da6c095",
        "brand": "Juniper Moon Farm",
        "yarn_name": "Zooey",
        "net_weight": {
            "gram": 100.0,
            "oz": 3.53
        },
        "yarn_blend": "60% Cotton 40% Linen",
        "yarn_length": {
            "yard": 284.0,
            "meter": 260.0
        },
        "suggested_needles": {
            "US size": 3,
            "international_size_mm": 3.25
        },
        "care": "Iron, Low Machine Wash Gentle (65°F to 85°F/30°C) Do Not Bleach Do Not Tumble Dry Dry Clean in Certain Solvents Dry Flat",
        "tension_gauge": "20-24 stitches to 4\"",
        "yarn_weight": "dk",
        "yarn_id": 10
    },
    {
        "_id": "674bd6f9ce5a4fe97da6c096",
        "brand": "Noro",
        "yarn_name": "Yukata",
        "net_weight": {
            "gram": 200.0,
            "oz": 7.06
        },
        "yarn_blend": "50% Silk 25% Wool 25% Polyamide",
        "yarn_length": {
            "yard": 787.0,
            "meter": 720.0
        },
        "suggested_needles": {
            "US size": 3,
            "international_size_mm": 3.25
        },
        "care": "Dry Clean in Certain Solvents",
        "tension_gauge": "23-26 stitches to 4\"",
        "yarn_weight": "sport",
        "yarn_id": 11
    },
    {
        "_id": "674c99699066aeec4cb8e311",
        "url": "https://www.yarn.com/products/noro-kashirukuru",
        "brand": "Noro",
        "yarn_name": "Kashirukuru",
        "net_weight": {
            "gram": 75.0,
            "oz": 2.65
        },
        "yarn_blend": "40% Silk 30% Wool 20% Cashmere 10% Polyamide",
        "yarn_length": {
            "yard": 180.0,
            "meter": 165.0
        },
        "suggested_needles": {
            "US size": 7,
            "international_size_mm": 4.5
        },
        "care": "Dry Clean in Certain Solvents",
        "tension_gauge": "16-18 stitches to 4\"",
        "yarn_weight": "worsted",
        "yarn_id": 6,
        "created_date": "2024-12-01 11:14:17"
    },
    {
        "_id": "674c99699066aeec4cb8e312",
        "url": "https://www.yarn.com/products/string-zurich",
        "brand": "String",
        "yarn_name": "Zurich",
        "net_weight": {
            "gram": 50.0,
            "oz": 1.76
        },
        "yarn_blend": "43% Wool 28% Viscose 24% Cashmere 5% Polyamide",
        "yarn_length": {
            "yard": 77.0,
            "meter": 70.0
        },
        "suggested_needles": {
            "US size": 10,
            "international_size_mm": 6.0
        },
        "care": "Dry Flat Hand Wash",
        "tension_gauge": "12 stitches to 4\"",
        "yarn_weight": "bulky",
        "yarn_id": 12,
        "created_date": "2024-12-01 11:14:17"
    },
    {
        "_id": "674c99699066aeec4cb8e313",
        "url": "https://www.yarn.com/products/paintbox-yarns-cotton-dk",
        "brand": "Paintbox Yarns",
        "yarn_name": "Cotton DK",
        "net_weight": {
            "gram": 50.0,
            "oz": 1.76
        },
        "yarn_blend": "100% Cotton",
        "yarn_length": {
            "yard": 137.0,
            "meter": 125.0
        },
        "suggested_needles": {
            "US size": 6,
            "international_size_mm": 4.0
        },
        "care": "Do Not Bleach Do Not Tumble Dry Machine Wash (105°F/40°C) Iron, Medium",
        "tension_gauge": "22 stitches, 30 rows to 4\"",
        "yarn_weight": "dk",
        "yarn_id": 13,
        "created_date": "2024-12-01 11:14:17"
    },
    {
        "_id": "674c99699066aeec4cb8e314",
        "url": "https://www.yarn.com/products/juniper-moon-farm-iris",
        "brand": "Juniper Moon Farm",
        "yarn_name": "Iris",
        "net_weight": {
            "gram": 100.0,
            "oz": 3.53
        },
        "yarn_blend": "70% Alpaca 20% Silk 10% Merino Wool",
        "yarn_length": {
            "yard": 437.0,
            "meter": 400.0
        },
        "suggested_needles": {
            "US size": 7,
            "international_size_mm": 4.5
        },
        "care": "Hand Wash",
        "tension_gauge": "16-20 stitches to 4\"",
        "yarn_weight": "worsted",
        "yarn_id": 14,
        "created_date": "2024-12-01 11:14:17"
    },
    {
        "_id": "674c996a9066aeec4cb8e315",
        "url": "https://www.yarn.com/products/cascade-yarns-220-superwash-sport",
        "brand": "Cascade Yarns",
        "yarn_name": "220 Superwash Sport",
        "net_weight": {
            "gram": 50.0,
            "oz": 1.76
        },
        "yarn_blend": "100% Merino Wool",
        "yarn_length": {
            "yard": 137.0,
            "meter": 125.0
        },
        "suggested_needles": {
            "US size": 5,
            "international_size_mm": 3.75
        },
        "care": "Tumble Dry, Low Heat Machine Wash (65°F to 85°F/30°C)",
        "tension_gauge": "22-24 stitches to 4\"",
        "yarn_weight": "sport",
        "yarn_id": 15,
        "created_date": "2024-12-01 11:14:18"
    },
    {
        "_id": "674c996a9066aeec4cb8e316",
        "url": "https://www.yarn.com/products/malabrigo-arroyo",
        "brand": "Malabrigo",
        "yarn_name": "Arroyo",
        "net_weight": {
            "gram": 100.0,
            "oz": 3.53
        },
        "yarn_blend": "100% Merino Wool",
        "yarn_length": {
            "yard": 335.0,
            "meter": 306.0
        },
        "suggested_needles": {
            "US size": 4,
            "international_size_mm": 3.5
        },
        "care": "Machine Wash Gentle (65°F to 85°F/30°C) Do Not Bleach Do Not Iron Do Not Tumble Dry Dry Flat Gentle Dry Clean in Certain Solvents",
        "tension_gauge": "22 stitches, 30 rows to 4\"",
        "yarn_weight": "sport",
        "yarn_id": 16,
        "created_date": "2024-12-01 11:14:18"
    },
    {
        "_id": "674c996b9066aeec4cb8e317",
        "url": "https://www.yarn.com/products/juniper-moon-farm-cumulus",
        "brand": "Juniper Moon Farm",
        "yarn_name": "Cumulus",
        "net_weight": {
            "gram": 100.0,
            "oz": 3.53
        },
        "yarn_blend": "94% Cotton 6% Nylon",
        "yarn_length": {
            "yard": 250.0,
            "meter": 229.0
        },
        "suggested_needles": {
            "US size": 7,
            "international_size_mm": 4.5
        },
        "care": "Hand Wash",
        "tension_gauge": "4-5 stitches to 4\"",
        "yarn_weight": "worsted",
        "yarn_id": 17,
        "created_date": "2024-12-01 11:14:19"
    },
    {
        "_id": "674c996b9066aeec4cb8e318",
        "url": "https://www.yarn.com/products/rowan-handknit-cotton",
        "brand": "Rowan",
        "yarn_name": "Handknit Cotton",
        "net_weight": {
            "gram": 50.0,
            "oz": 1.76
        },
        "yarn_blend": "100% Cotton",
        "yarn_length": {
            "yard": 93.0,
            "meter": 85.0
        },
        "suggested_needles": {
            "US size": 6,
            "international_size_mm": 4.0
        },
        "care": "Do Not Bleach Do Not Tumble Dry Dry Clean Any Solvent Iron, Medium",
        "tension_gauge": "19-20 stitches, 28 rows to 4\"",
        "yarn_weight": "dk",
        "yarn_id": 18,
        "created_date": "2024-12-01 11:14:19"
    },
    {
        "_id": "674c996b9066aeec4cb8e319",
        "url": "https://www.yarn.com/products/cascade-yarns-220-sport",
        "brand": "Cascade Yarns",
        "yarn_name": "220 Sport",
        "net_weight": {
            "gram": 50.0,
            "oz": 1.76
        },
        "yarn_blend": "100% Wool",
        "yarn_length": {
            "yard": 164.0,
            "meter": 150.0
        },
        "suggested_needles": {
            "US size": 5,
            "international_size_mm": 3.75
        },
        "care": "Dry Flat Hand Wash",
        "tension_gauge": "22 stitches to 4\"",
        "yarn_weight": "sport",
        "yarn_id": 19,
        "created_date": "2024-12-01 11:14:19"
    },
    {
        "_id": "674c996c9066aeec4cb8e31a",
        "url": "https://www.yarn.com/products/cascade-yarns-220-superwash-merino",
        "brand": "Cascade Yarns",
        "yarn_name": "220 Superwash Merino",
        "net_weight": {
            "gram": 100.0,
            "oz": 3.53
        },
        "yarn_blend": "100% Merino Wool",
        "yarn_length": {
            "yard": 220.0,
            "meter": 201.0
        },
        "suggested_needles": {
            "US size": 6,
            "international_size_mm": 4.0
        },
        "care": "Tumble Dry, Low Heat Machine Wash (65°F to 85°F/30°C)",
        "tension_gauge": "20-22 stitches to 4\"",
        "yarn_weight": "worsted",
        "yarn_id": 20,
        "created_date": "2024-12-01 11:14:20"
    },
    {
        "_id": "674c996c9066aeec4cb8e31b",
        "url": "https://www.yarn.com/products/cascade-yarns-220",
        "brand": "Cascade Yarns",
        "yarn_name": "220",
        "net_weight": {
            "gram": 100.0,
            "oz": 3.53
        },
        "yarn_blend": "100% Wool",
        "yarn_length": {
            "yard": 219.0,
            "meter": 200.0
        },
        "suggested_needles": {
            "US size": 7,
            "international_size_mm": 4.5
        },
        "care": "Dry Flat Hand Wash",
        "tension_gauge": "18-20 stitches to 4\"",
        "yarn_weight": "aran",
        "yarn_id": 21,
        "created_date": "2024-12-01 11:14:20"
    },
    {
        "_id": "674c996d9066aeec4cb8e31c",
        "url": "https://www.yarn.com/products/noro-kakigori",
        "brand": "Noro",
        "yarn_name": "Kakigori",
        "net_weight": {
            "gram": 200.0,
            "oz": 7.06
        },
        "yarn_blend": "50% Cotton 30% Silk 10% Viscose 10% Polyamide",
        "yarn_length": {
            "yard": 660.0,
            "meter": 604.0
        },
        "suggested_needles": {
            "US size": 5,
            "international_size_mm": 3.75
        },
        "care": "Iron, Low Do Not Bleach Do Not Tumble Dry Dry Flat Dry Flat, In the Shade Hand Wash Iron, Medium",
        "tension_gauge": "21 stitches, 24 rows to 4\"",
        "yarn_weight": "dk",
        "yarn_id": 22,
        "created_date": "2024-12-01 11:14:21"
    },
    {
        "_id": "674c996d9066aeec4cb8e31d",
        "url": "https://www.yarn.com/products/lopi-plotulopi",
        "brand": "Lopi",
        "yarn_name": "Plötulopi",
        "net_weight": {
            "gram": 100.0,
            "oz": 3.53
        },
        "yarn_blend": "100% Wool",
        "yarn_length": {
            "yard": 328.0,
            "meter": 300.0
        },
        "suggested_needles": {
            "US size": 7,
            "international_size_mm": 4.5
        },
        "care": "Dry Flat Hand Wash",
        "tension_gauge": "19 stitches to 4\"",
        "yarn_weight": "worsted",
        "yarn_id": 23,
        "created_date": "2024-12-01 11:14:21"
    },
    {
        "_id": "674c996e9066aeec4cb8e31e",
        "url": "https://www.yarn.com/products/lana-grossa-ecopuno",
        "brand": "Lana Grossa",
        "yarn_name": "Ecopuno",
        "net_weight": {
            "gram": 50.0,
            "oz": 1.76
        },
        "yarn_blend": "72% Cotton 17% Merino Wool 11% Alpaca",
        "yarn_length": {
            "yard": 235.0,
            "meter": 215.0
        },
        "suggested_needles": {
            "US size": 6,
            "international_size_mm": 4.0
        },
        "care": "Do Not Bleach Do Not Iron Dry Clean in Certain Solvents Dry Flat Hand Wash",
        "tension_gauge": "24 stitches, 30 rows to 4\"",
        "yarn_weight": "sport",
        "yarn_id": 24,
        "created_date": "2024-12-01 11:14:22"
    },
    {
        "_id": "674cbe704933570660e9ee89",
        "url": "https://www.yarn.com/products/stacy-charles-fine-yarns-jewel",
        "brand": "Stacy Charles Fine Yarns",
        "yarn_name": "Jewel",
        "net_weight": {
            "gram": 50.0,
            "oz": 1.76
        },
        "yarn_blend": "89% Merino Wool 6% Polyamide 5% Metallic",
        "yarn_length": {
            "yard": 218.0,
            "meter": 199.0
        },
        "suggested_needles": {
            "US size": 8,
            "international_size_mm": 5.0
        },
        "care": "Dry Flat Hand Wash",
        "tension_gauge": "24 stitches to 4\"",
        "yarn_weight": "dk",
        "yarn_id": 4
    },
    {
        "_id": "674cc0c70b0ebf281a8843c3",
        "url": "https://www.yarn.com/products/tahki-yarns-donegal-tweed-fine",
        "brand": "Tahki Yarns",
        "yarn_name": "Donegal Tweed Fine",
        "net_weight": {
            "gram": 50.0,
            "oz": 1.76
        },
        "yarn_blend": "70% Wool 30% Mohair",
        "yarn_length": {
            "yard": 218.0,
            "meter": 199.0
        },
        "suggested_needles": {
            "US size": 3,
            "international_size_mm": 3.25
        },
        "care": "Dry Flat Hand Wash",
        "tension_gauge": "28 stitches to 4\"",
        "yarn_weight": "fingering",
        "yarn_id": 25
    },
    {
        "_id": "674cc150b6a0cd8a1cfc44fd",
        "url": "https://www.yarn.com/products/tahki-yarns-tandem",
        "brand": "Tahki Yarns",
        "yarn_name": "Tandem",
        "net_weight": {
            "gram": 50.0,
            "oz": 1.76
        },
        "yarn_blend": "28% Cotton 28% Viscose 28% Nylon 16% Acrylic",
        "yarn_length": {
            "yard": 107.0,
            "meter": 98.0
        },
        "suggested_needles": {
            "US size": 8,
            "international_size_mm": 5.0
        },
        "care": "Dry Flat Hand Wash",
        "tension_gauge": "17 stitches to 4\"",
        "yarn_weight": "worsted",
        "yarn_id": 26
    },
    {
        "_id": "674cc20f07e1632d8d189d3c",
        "url": "https://www.yarn.com/products/tahki-yarns-superwash-merino-bulky",
        "brand": "Tahki Yarns",
        "yarn_name": "Superwash Merino Bulky",
        "net_weight": {
            "gram": 100.0,
            "oz": 3.53
        },
        "yarn_blend": "100% Wool",
        "yarn_length": {
            "yard": 109.0,
            "meter": 100.0
        },
        "suggested_needles": {
            "US size": 11,
            "international_size_mm": 8.0
        },
        "care": "Dry Flat Machine Wash (65°F to 85°F/30°C)",
        "tension_gauge": "12 stitches, 14 rows to 4\"",
        "yarn_weight": "bulky",
        "yarn_id": 27
    },
    {
        "_id": "674cc23c6278b2a5c62a0cf0",
        "url": "https://www.yarn.com/products/valley-yarns-westfield",
        "brand": "Valley Yarns",
        "yarn_name": "Westfield",
        "net_weight": {
            "gram": 50.0,
            "oz": 1.76
        },
        "yarn_blend": "60% Merino Wool 20% Silk 20% Yak",
        "yarn_length": {
            "yard": 120.0,
            "meter": 110.0
        },
        "suggested_needles": {
            "US size": 6,
            "international_size_mm": 4.0
        },
        "care": "Dry Flat Hand Wash",
        "tension_gauge": "22 stitches to 4\"",
        "yarn_weight": "dk",
        "yarn_id": 28
    },
    {
        "_id": "674cc285e80a5078521dd12a",
        "url": "https://www.yarn.com/products/berroco-vintage-dk",
        "brand": "Berroco",
        "yarn_name": "Vintage DK",
        "net_weight": {
            "gram": 100.0,
            "oz": 3.53
        },
        "yarn_blend": "52% Acrylic 40% Wool 8% Nylon",
        "yarn_length": {
            "yard": 288.0,
            "meter": 263.0
        },
        "suggested_needles": {
            "US size": 6,
            "international_size_mm": 4.0
        },
        "care": "Machine Wash Gentle (65°F to 85°F/30°C) Dry Flat",
        "tension_gauge": "22 stitches, 28 rows to 4\"",
        "yarn_weight": "dk",
        "yarn_id": 29
    },
    {
        "_id": "674cee1ec1c6bf10e88d5bbd",
        "url": "https://www.yarn.com/products/debbie-bliss-paloma",
        "brand": "Debbie Bliss",
        "yarn_name": "Paloma",
        "net_weight": {
            "gram": 50.0,
            "oz": 1.76
        },
        "yarn_blend": "60% Baby Alpaca 40% Merino Wool",
        "yarn_length": {
            "yard": 71.0,
            "meter": 65.0
        },
        "suggested_needles": {
            "US size": 15,
            "international_size_mm": 10.0
        },
        "care": "Iron, Low Do Not Bleach Do Not Tumble Dry Dry Clean in Certain Solvents Hand Wash",
        "tension_gauge": "12 stitches, 18 rows to 4\"",
        "yarn_weight": "Unknown",
        "yarn_id": 30,
        "created_date": "2024-12-01 17:15:42"
    }
]